id,first_name,last_name,email,gender,ip_address,date_time
1,Sherrie,Acors,sacors0@arizona.edu,Female,42.216.4.65,6/9/2023
2,Aluin,Sexty,asexty1@unblog.fr,Male,61.48.73.111,8/25/2023
3,Faulkner,Bhar,fbhar2@photobucket.com,Male,204.17.170.109,7/12/2023
4,Kaile,Bes,kbes3@japanpost.jp,Female,41.243.67.37,10/16/2022
5,Lazare,Adamik,ladamik4@howstuffworks.com,Male,30.184.193.137,11/27/2022
6,Ned,Wooding,nwooding5@marriott.com,Male,59.79.252.186,10/8/2022
7,Inglebert,Boord,iboord6@list-manage.com,Male,251.138.72.131,8/11/2023
8,Galvin,Stanluck,gstanluck7@artisteer.com,Male,234.37.222.146,4/29/2023
9,Romy,Yepiskov,ryepiskov8@bbb.org,Female,84.212.121.4,8/18/2023
10,Gamaliel,Pearman,gpearman9@sourceforge.net,Male,152.159.199.103,5/5/2023
11,Zorana,Kennler,zkennlera@livejournal.com,Female,172.198.175.108,4/24/2023
12,Cassaundra,Doni,cdonib@surveymonkey.com,Female,169.130.237.128,10/22/2022
13,Fey,Possell,fpossellc@businessinsider.com,Female,14.87.206.196,7/20/2023
14,Harvey,Whewell,hwhewelld@tripod.com,Male,22.81.156.60,4/18/2023
15,Elena,Dennerly,edennerlye@npr.org,Female,24.65.177.111,9/18/2022
16,Dwayne,Phelipeau,dphelipeauf@51.la,Male,126.131.53.1,8/7/2023
17,Alphonse,Tysall,atysallg@artisteer.com,Genderqueer,40.151.214.127,7/2/2023
18,Sigmund,Gilpin,sgilpinh@yahoo.com,Agender,170.223.253.70,10/24/2022
19,Sherwynd,Kores,skoresi@nasa.gov,Male,212.85.182.103,12/13/2022
20,Sayres,Lubeck,slubeckj@slashdot.org,Male,192.84.246.104,10/9/2022
21,Conan,Huebner,chuebnerk@mail.ru,Male,148.36.176.168,10/13/2022
22,Adan,Brandreth,abrandrethl@nbcnews.com,Non-binary,224.118.238.100,1/13/2023
23,Wes,Muscat,wmuscatm@sogou.com,Male,29.241.243.109,4/21/2023
24,Alair,Cream,acreamn@live.com,Male,16.39.131.6,9/10/2022
25,Keefer,Caves,kcaveso@omniture.com,Male,33.135.80.169,3/19/2023
26,Codi,Buesnel,cbuesnelp@ycombinator.com,Male,20.231.98.70,2/16/2023
27,Wandis,Smalls,wsmallsq@yahoo.co.jp,Female,205.55.219.251,10/5/2022
28,Dolph,McGeagh,dmcgeaghr@yahoo.com,Male,7.114.24.253,4/18/2023
29,Miguel,Dupey,mdupeys@mail.ru,Male,151.66.121.228,2/6/2023
30,Grant,Sutherns,gsuthernst@so-net.ne.jp,Male,104.99.241.154,4/6/2023
31,Ingram,Van der Brugge,ivanderbruggeu@dion.ne.jp,Male,242.161.110.160,3/9/2023
32,Rafael,Peasnone,rpeasnonev@symantec.com,Male,64.129.238.223,6/5/2023
33,Alfy,Godbald,agodbaldw@eventbrite.com,Female,249.96.31.239,4/23/2023
34,Carlin,Muckeen,cmuckeenx@networkadvertising.org,Male,82.100.55.179,8/1/2023
35,Butch,Hiddy,bhiddyy@technorati.com,Male,255.178.224.129,6/16/2023
36,Mercedes,Vassar,mvassarz@ted.com,Female,63.117.49.86,10/13/2022
37,Wiatt,Hebbard,whebbard10@smugmug.com,Genderfluid,110.167.113.67,1/26/2023
38,Adele,Mogg,amogg11@ycombinator.com,Female,107.35.215.143,8/26/2023
39,Sanderson,Terrans,sterrans12@ox.ac.uk,Male,130.143.253.12,1/3/2023
40,Kim,Vasiliu,kvasiliu13@etsy.com,Female,2.134.171.43,5/8/2023
41,Megan,Dionsetti,mdionsetti14@archive.org,Female,184.154.209.181,10/16/2022
42,Eustacia,Segot,esegot15@prnewswire.com,Female,219.74.38.148,10/4/2022
43,Winfield,MacKaig,wmackaig16@163.com,Male,22.97.47.126,4/21/2023
44,Margy,Kegan,mkegan17@sciencedirect.com,Female,29.155.223.200,8/28/2023
45,Mario,Ambrogelli,mambrogelli18@illinois.edu,Male,118.88.47.160,8/14/2023
46,Roze,Yanov,ryanov19@mysql.com,Female,167.215.126.37,5/29/2023
47,Jinny,Willment,jwillment1a@soup.io,Female,103.231.161.92,10/26/2022
48,Celinka,Bacup,cbacup1b@washington.edu,Genderqueer,47.45.191.66,10/19/2022
49,Curt,Axworthy,caxworthy1c@mozilla.org,Male,155.40.187.29,3/24/2023
50,Trudi,Avieson,tavieson1d@clickbank.net,Non-binary,49.93.237.164,8/23/2023
51,Valaree,Leavesley,vleavesley1e@bbb.org,Non-binary,207.174.90.79,11/23/2022
52,Curt,Mager,cmager1f@msn.com,Male,114.70.215.123,4/11/2023
53,Dwayne,Whittet,dwhittet1g@discuz.net,Polygender,146.165.53.175,9/24/2022
54,Killie,Shackelton,kshackelton1h@unc.edu,Male,195.92.138.139,10/29/2022
55,Susann,Enright,senright1i@opera.com,Female,181.192.106.170,6/29/2023
56,Livvyy,Foker,lfoker1j@123-reg.co.uk,Female,186.207.213.105,12/9/2022
57,Samson,Cromb,scromb1k@mapquest.com,Male,47.131.2.156,4/17/2023
58,Hilary,Augar,haugar1l@rambler.ru,Female,121.3.71.103,7/14/2023
59,Holmes,Roxburgh,hroxburgh1m@flavors.me,Male,141.223.164.210,8/21/2023
60,Kerstin,Janko,kjanko1n@home.pl,Female,183.77.199.30,12/4/2022
61,Joye,Kitchener,jkitchener1o@samsung.com,Female,188.148.71.161,6/30/2023
62,Reider,Peatman,rpeatman1p@mozilla.org,Male,238.201.143.154,11/21/2022
63,Benni,Angric,bangric1q@columbia.edu,Female,22.169.133.53,4/1/2023
64,Marguerite,Crab,mcrab1r@howstuffworks.com,Female,189.40.88.16,9/7/2022
65,Alf,Conre,aconre1s@cam.ac.uk,Male,12.134.148.85,2/22/2023
66,Demetra,Greenier,dgreenier1t@huffingtonpost.com,Female,99.86.37.206,11/16/2022
67,Kleon,Skunes,kskunes1u@chronoengine.com,Male,23.223.121.90,7/4/2023
68,Cobb,Sheather,csheather1v@cnbc.com,Genderqueer,214.99.247.248,7/7/2023
69,Thaddus,Mussington,tmussington1w@printfriendly.com,Male,124.167.135.111,8/27/2023
70,Wilfred,Learmouth,wlearmouth1x@dot.gov,Male,94.18.75.69,1/6/2023
71,Wade,Lindop,wlindop1y@nba.com,Male,185.29.128.184,5/10/2023
72,Udale,Dunderdale,udunderdale1z@google.com.au,Male,46.159.135.202,2/24/2023
73,Tally,Grassot,tgrassot20@bloglines.com,Male,145.57.154.84,10/29/2022
74,Tabb,Batchley,tbatchley21@github.io,Agender,46.82.40.8,7/2/2023
75,Jacklin,Menault,jmenault22@epa.gov,Female,129.232.47.122,1/18/2023
76,Adoree,Giscken,agiscken23@dedecms.com,Female,25.74.143.99,4/25/2023
77,Allene,Vasyutochkin,avasyutochkin24@house.gov,Agender,175.86.32.164,11/10/2022
78,Maurie,Oxbrough,moxbrough25@wsj.com,Male,149.141.203.79,7/26/2023
79,Alwyn,Broadberrie,abroadberrie26@sciencedirect.com,Male,35.158.130.108,7/21/2023
80,Maribeth,Abden,mabden27@infoseek.co.jp,Female,125.64.200.142,9/1/2023
81,Thedric,Atley,tatley28@gmpg.org,Male,73.249.212.137,4/19/2023
82,Kingsley,Tuson,ktuson29@cpanel.net,Male,40.185.26.89,3/20/2023
83,Terrye,Burling,tburling2a@nymag.com,Polygender,18.105.11.206,11/20/2022
84,Chaddy,Kees,ckees2b@answers.com,Male,151.88.203.139,1/4/2023
85,Brady,Sukbhans,bsukbhans2c@shinystat.com,Male,132.107.163.6,1/30/2023
86,Betteann,MacKim,bmackim2d@fotki.com,Female,162.128.147.180,12/6/2022
87,Zulema,Learmonth,zlearmonth2e@un.org,Female,16.120.230.133,11/21/2022
88,Britt,Drews,bdrews2f@sohu.com,Male,160.97.134.163,9/13/2022
89,Adlai,Morison,amorison2g@nifty.com,Bigender,181.163.208.237,8/25/2023
90,Hunfredo,Ruddoch,hruddoch2h@multiply.com,Genderqueer,200.0.12.118,11/7/2022
91,Trixi,Lowdham,tlowdham2i@fc2.com,Female,247.62.254.11,6/7/2023
92,Temple,Attiwill,tattiwill2j@hp.com,Male,199.132.64.2,2/19/2023
93,Datha,Kluge,dkluge2k@prweb.com,Female,167.63.36.12,8/14/2023
94,Hilliary,Busby,hbusby2l@theglobeandmail.com,Female,166.166.190.5,3/23/2023
95,Amerigo,Schiesterl,aschiesterl2m@1und1.de,Male,168.56.32.142,1/24/2023
96,Zonda,Savaage,zsavaage2n@cnbc.com,Female,239.236.251.60,9/21/2022
97,Rose,Elham,relham2o@pen.io,Female,76.34.167.160,3/5/2023
98,Hill,Sabatini,hsabatini2p@alibaba.com,Agender,203.80.98.30,4/22/2023
99,Fredelia,Philipot,fphilipot2q@techcrunch.com,Female,99.59.7.21,4/19/2023
100,Barrie,Hardeman,bhardeman2r@amazonaws.com,Male,169.145.96.89,8/26/2023
101,Hobie,Curness,hcurness2s@constantcontact.com,Non-binary,230.200.186.224,10/15/2022
102,Joan,McBrearty,jmcbrearty2t@uiuc.edu,Female,236.36.207.38,5/21/2023
103,Elton,Undrell,eundrell2u@de.vu,Male,157.151.100.105,8/12/2023
104,Nessie,Lidgerton,nlidgerton2v@smh.com.au,Female,103.179.206.52,12/13/2022
105,Alfonse,Bushe,abushe2w@scientificamerican.com,Male,39.232.176.214,5/13/2023
106,Stanwood,Komorowski,skomorowski2x@blogger.com,Male,166.212.121.241,1/13/2023
107,Marget,Hauger,mhauger2y@abc.net.au,Female,47.136.198.55,1/4/2023
108,Corinna,Aleswell,caleswell2z@va.gov,Female,30.69.186.130,5/26/2023
109,Pia,Sibray,psibray30@drupal.org,Female,48.6.110.77,6/14/2023
110,Arluene,Konke,akonke31@blogtalkradio.com,Female,200.159.155.90,11/25/2022
111,Codie,Terzo,cterzo32@google.com.br,Agender,163.191.202.21,4/5/2023
112,Madeleine,Keeffe,mkeeffe33@pen.io,Female,141.15.192.12,8/29/2023
113,Franz,MacKeller,fmackeller34@chronoengine.com,Male,224.156.82.184,6/8/2023
114,Melody,Ambrosch,mambrosch35@tripod.com,Female,226.72.226.42,7/17/2023
115,Shawna,Greenlees,sgreenlees36@issuu.com,Female,218.162.151.107,10/7/2022
116,Nickolas,Corrin,ncorrin37@issuu.com,Male,73.102.131.213,1/10/2023
117,Celinka,Gounet,cgounet38@vkontakte.ru,Agender,110.106.196.240,2/1/2023
118,Harrie,Peeke-Vout,hpeekevout39@google.pl,Female,167.20.19.23,10/28/2022
119,Broddy,Henrych,bhenrych3a@princeton.edu,Genderfluid,112.27.76.188,4/6/2023
120,Denice,Corday,dcorday3b@yellowbook.com,Polygender,3.58.161.250,12/12/2022
121,Jillian,Jelley,jjelley3c@homestead.com,Female,160.47.152.17,9/3/2023
122,Simmonds,Coulthard,scoulthard3d@mac.com,Male,31.195.131.30,6/22/2023
123,Kevyn,Ondra,kondra3e@thetimes.co.uk,Agender,55.159.17.6,5/24/2023
124,Lusa,Laybourn,llaybourn3f@vimeo.com,Female,82.240.87.160,4/9/2023
125,Eugen,Houseley,ehouseley3g@webmd.com,Male,95.33.233.74,1/10/2023
126,Minerva,Faers,mfaers3h@prnewswire.com,Female,28.88.234.106,12/13/2022
127,Giavani,Jahndel,gjahndel3i@phoca.cz,Male,79.104.200.40,12/15/2022
128,Patrizius,Bisson,pbisson3j@china.com.cn,Male,94.170.26.154,3/3/2023
129,Blithe,Appleyard,bappleyard3k@umich.edu,Female,94.46.184.223,11/16/2022
130,Ray,Culbard,rculbard3l@lycos.com,Female,67.62.96.205,11/16/2022
131,Pauly,Morris,pmorris3m@guardian.co.uk,Genderqueer,196.110.32.135,1/9/2023
132,Alexandre,Ginman,aginman3n@dell.com,Male,179.103.47.139,5/21/2023
133,Laney,Luesley,lluesley3o@elegantthemes.com,Male,76.197.221.212,3/18/2023
134,Frans,Hordell,fhordell3p@sina.com.cn,Non-binary,88.217.30.170,6/8/2023
135,Clint,Gyrgorcewicx,cgyrgorcewicx3q@topsy.com,Male,133.190.97.224,7/10/2023
136,Elberta,Scolding,escolding3r@themeforest.net,Female,175.22.203.254,3/14/2023
137,Tracey,Berney,tberney3s@hc360.com,Female,14.46.120.189,9/28/2022
138,Cherey,Fesby,cfesby3t@creativecommons.org,Female,113.113.142.170,8/31/2023
139,Irwin,Mosco,imosco3u@who.int,Male,78.219.22.111,2/8/2023
140,Cheri,Stanier,cstanier3v@is.gd,Female,132.145.15.95,8/27/2023
141,Thorn,Cane,tcane3w@homestead.com,Male,237.31.150.206,3/8/2023
142,Antonia,Coulton,acoulton3x@odnoklassniki.ru,Female,73.111.161.120,10/20/2022
143,Heather,Collingham,hcollingham3y@nature.com,Female,244.59.126.77,10/17/2022
144,Ula,Hamm,uhamm3z@engadget.com,Female,253.170.62.203,11/25/2022
145,Isis,Beviss,ibeviss40@live.com,Female,232.236.8.155,2/2/2023
146,Bogart,Jansik,bjansik41@fastcompany.com,Male,146.185.124.50,3/11/2023
147,Mallissa,Critchard,mcritchard42@homestead.com,Female,100.154.78.77,8/17/2023
148,Gertruda,Kennham,gkennham43@bluehost.com,Female,91.195.143.94,3/31/2023
149,Elianore,Gooddy,egooddy44@nasa.gov,Female,34.229.68.93,4/6/2023
150,Gonzales,Josefs,gjosefs45@cisco.com,Agender,18.195.17.91,11/13/2022
151,Pierrette,Wais,pwais46@gizmodo.com,Female,241.48.160.38,8/17/2023
152,Arlen,Henstone,ahenstone47@angelfire.com,Female,215.197.144.161,11/1/2022
153,Petra,Scardafield,pscardafield48@tamu.edu,Female,3.64.192.38,7/9/2023
154,Conchita,Vegas,cvegas49@parallels.com,Female,157.202.236.104,8/19/2023
155,Leisha,Greest,lgreest4a@wikia.com,Female,30.77.165.95,12/28/2022
156,Valeda,Metzig,vmetzig4b@example.com,Female,186.182.117.143,8/24/2023
157,Kelcey,Labrone,klabrone4c@wunderground.com,Agender,81.3.114.4,1/21/2023
158,Rey,Dunstall,rdunstall4d@dropbox.com,Female,222.132.198.184,7/22/2023
159,Galvin,McNuff,gmcnuff4e@ifeng.com,Male,24.60.128.88,5/25/2023
160,Calida,Tallet,ctallet4f@studiopress.com,Polygender,122.41.31.44,9/9/2022
161,Katherine,Pymer,kpymer4g@mac.com,Female,151.28.173.26,10/25/2022
162,Harriette,Boath,hboath4h@acquirethisname.com,Female,224.81.63.233,8/31/2023
163,Celestyn,Rawson,crawson4i@seattletimes.com,Polygender,35.176.97.106,7/28/2023
164,Randa,Checketts,rchecketts4j@cbc.ca,Female,253.176.176.91,10/6/2022
165,Bethanne,Jedrasik,bjedrasik4k@phoca.cz,Female,22.75.77.71,9/15/2022
166,Carly,Bettenson,cbettenson4l@1688.com,Male,5.236.183.13,10/7/2022
167,Alford,Schuricke,aschuricke4m@ezinearticles.com,Male,187.190.120.184,6/24/2023
168,Alena,Fehely,afehely4n@ucla.edu,Female,235.221.161.206,12/13/2022
169,Carlene,Champ,cchamp4o@ameblo.jp,Female,48.174.10.163,10/22/2022
170,Essie,Wickwarth,ewickwarth4p@cyberchimps.com,Female,211.216.73.103,5/8/2023
171,Nicol,Upcraft,nupcraft4q@howstuffworks.com,Male,215.211.213.18,9/17/2022
172,Port,Stronough,pstronough4r@mit.edu,Male,92.185.75.189,11/4/2022
173,Ariel,Eltun,aeltun4s@opensource.org,Female,2.231.68.190,6/7/2023
174,Roseann,Peppard,rpeppard4t@psu.edu,Female,200.90.0.166,11/2/2022
175,Cleo,Canepe,ccanepe4u@wisc.edu,Genderfluid,149.207.131.66,6/18/2023
176,Zelda,Brech,zbrech4v@phoca.cz,Female,112.249.144.94,1/6/2023
177,Briney,Frew,bfrew4w@globo.com,Female,39.75.52.100,10/24/2022
178,Rogers,Topp,rtopp4x@cbslocal.com,Male,251.52.105.167,4/1/2023
179,West,Slowly,wslowly4y@feedburner.com,Male,138.147.115.21,10/24/2022
180,Caprice,Larking,clarking4z@tinyurl.com,Female,29.143.105.10,6/10/2023
181,Page,Abad,pabad50@livejournal.com,Male,139.97.133.104,12/1/2022
182,Pascale,Legrave,plegrave51@senate.gov,Male,207.177.255.0,4/24/2023
183,Alexa,Tattersall,atattersall52@state.tx.us,Polygender,17.179.240.145,12/24/2022
184,Mona,Rennolds,mrennolds53@prweb.com,Female,4.159.118.213,5/21/2023
185,Shara,Belden,sbelden54@ucoz.ru,Female,250.14.99.78,10/19/2022
186,Obediah,Ferencz,oferencz55@phoca.cz,Non-binary,90.5.183.198,9/14/2022
187,Kayne,Elvey,kelvey56@cpanel.net,Male,35.76.197.90,4/9/2023
188,Alair,Biesty,abiesty57@geocities.jp,Male,123.249.49.64,11/27/2022
189,Kean,Baitey,kbaitey58@addthis.com,Male,78.46.60.128,7/15/2023
190,Harv,Fritter,hfritter59@census.gov,Male,247.97.111.135,1/26/2023
191,Sadye,Aiskovitch,saiskovitch5a@fc2.com,Female,192.255.171.192,12/4/2022
192,Silvio,Suarez,ssuarez5b@mozilla.org,Male,238.14.15.211,9/23/2022
193,Lemar,Cathesyed,lcathesyed5c@sourceforge.net,Genderfluid,203.221.198.32,4/14/2023
194,Grayce,Juanes,gjuanes5d@npr.org,Female,106.168.169.242,5/6/2023
195,Enrique,Fotitt,efotitt5e@mail.ru,Polygender,155.35.137.236,2/18/2023
196,Catherin,Danilyak,cdanilyak5f@fda.gov,Female,121.147.144.164,11/11/2022
197,Dev,Tatnell,dtatnell5g@1688.com,Male,180.211.239.98,2/26/2023
198,Thom,Pembry,tpembry5h@comcast.net,Male,88.137.245.153,5/17/2023
199,Koenraad,Lochet,klochet5i@ucoz.com,Male,138.148.59.49,9/16/2022
200,Gabriel,Earngy,gearngy5j@weebly.com,Male,252.209.71.160,4/7/2023
201,Warner,Elden,welden5k@gravatar.com,Male,139.150.77.212,8/4/2023
202,Idalina,Jagels,ijagels5l@parallels.com,Female,244.199.37.82,8/22/2023
203,Tessy,Reinbach,treinbach5m@jigsy.com,Female,3.30.2.162,10/19/2022
204,Jewelle,Kippax,jkippax5n@ehow.com,Female,197.147.36.178,12/8/2022
205,Henderson,Beckhurst,hbeckhurst5o@mapquest.com,Male,249.249.246.11,3/14/2023
206,Freddie,Jewitt,fjewitt5p@live.com,Female,3.110.7.111,4/17/2023
207,Billy,Gimblett,bgimblett5q@paginegialle.it,Male,128.18.158.175,5/31/2023
208,Tyrus,Godwin,tgodwin5r@illinois.edu,Male,73.186.79.45,11/2/2022
209,Jaimie,Bellinger,jbellinger5s@pagesperso-orange.fr,Female,138.233.180.205,8/19/2023
210,Gael,Duffy,gduffy5t@storify.com,Female,12.99.234.50,5/4/2023
211,Scotty,Lappin,slappin5u@craigslist.org,Male,124.55.254.158,8/15/2023
212,Dione,Lathe,dlathe5v@elpais.com,Female,237.12.3.113,8/3/2023
213,Randy,Loadman,rloadman5w@istockphoto.com,Male,25.152.130.91,6/30/2023
214,Zared,Cunnell,zcunnell5x@newsvine.com,Male,69.105.175.19,1/11/2023
215,Horton,Slaney,hslaney5y@ucoz.ru,Male,79.161.152.81,2/20/2023
216,Ingra,Learman,ilearman5z@nps.gov,Male,76.16.28.165,5/6/2023
217,Erskine,Grinval,egrinval60@angelfire.com,Male,61.30.118.113,5/2/2023
218,Mable,Madgwich,mmadgwich61@w3.org,Female,92.214.0.65,1/1/2023
219,Adlai,Stormont,astormont62@github.io,Male,94.6.139.232,8/7/2023
220,Stepha,Osboldstone,sosboldstone63@vistaprint.com,Female,137.200.57.18,2/9/2023
221,Jessalin,Stoak,jstoak64@surveymonkey.com,Female,238.125.24.141,9/11/2022
222,Salaidh,Flecknoe,sflecknoe65@dagondesign.com,Female,119.253.165.196,9/20/2022
223,Talbot,Wayper,twayper66@wikimedia.org,Male,102.152.101.176,10/20/2022
224,Perrine,Marklew,pmarklew67@scribd.com,Non-binary,20.215.191.139,4/22/2023
225,Lev,Tidcomb,ltidcomb68@weather.com,Male,115.159.72.112,2/14/2023
226,Sib,Aimer,saimer69@mac.com,Female,63.3.60.182,5/3/2023
227,Mindy,Jelphs,mjelphs6a@cocolog-nifty.com,Female,163.211.135.225,5/8/2023
228,Tad,Godney,tgodney6b@360.cn,Male,144.250.73.207,1/4/2023
229,Howard,Matejovsky,hmatejovsky6c@is.gd,Male,94.153.160.254,3/1/2023
230,Lacy,Strathman,lstrathman6d@youku.com,Female,134.126.102.98,5/11/2023
231,Rosetta,Cropper,rcropper6e@fda.gov,Female,14.165.182.113,4/17/2023
232,Elisa,Urvoy,eurvoy6f@list-manage.com,Female,246.30.241.2,4/4/2023
233,Hoebart,Greenstock,hgreenstock6g@arizona.edu,Male,116.175.145.163,1/17/2023
234,Jory,Tilford,jtilford6h@amazon.co.jp,Male,75.76.255.48,7/28/2023
235,Grier,Shermore,gshermore6i@wikispaces.com,Female,53.1.5.64,4/28/2023
236,Marten,Vescovo,mvescovo6j@yahoo.co.jp,Male,85.85.241.150,11/7/2022
237,Malina,Gosswell,mgosswell6k@i2i.jp,Female,152.95.21.200,5/23/2023
238,Patrice,Cheverell,pcheverell6l@linkedin.com,Male,100.166.224.162,2/10/2023
239,Penn,D'Ugo,pdugo6m@aboutads.info,Male,222.126.63.170,8/27/2023
240,Alyda,Villaron,avillaron6n@tmall.com,Female,187.87.87.73,11/8/2022
241,Cathlene,Hoolaghan,choolaghan6o@behance.net,Female,162.87.195.120,7/23/2023
242,Kathleen,McGucken,kmcgucken6p@cmu.edu,Female,184.96.215.180,7/21/2023
243,Windy,Fellibrand,wfellibrand6q@bandcamp.com,Female,92.100.245.179,9/13/2022
244,Gwynne,Eyden,geyden6r@freewebs.com,Female,136.115.131.239,11/19/2022
245,Verla,Filppetti,vfilppetti6s@tumblr.com,Female,139.246.16.189,12/14/2022
246,Gerrie,Attle,gattle6t@tmall.com,Male,74.117.82.145,6/23/2023
247,Aharon,Lidgett,alidgett6u@livejournal.com,Male,3.55.105.149,4/21/2023
248,Gran,Carren,gcarren6v@java.com,Male,36.62.109.58,9/24/2022
249,Trudy,Kinworthy,tkinworthy6w@nydailynews.com,Female,23.183.5.167,7/9/2023
250,Lind,Matic,lmatic6x@about.com,Female,96.172.27.216,8/31/2023
251,Kelly,Dutteridge,kdutteridge6y@sina.com.cn,Male,218.23.126.89,6/5/2023
252,Travis,Rolfo,trolfo6z@amazon.com,Male,236.88.92.10,1/23/2023
253,Albie,Wrotham,awrotham70@mozilla.com,Genderfluid,187.155.172.189,1/31/2023
254,Jasmine,Valti,jvalti71@stanford.edu,Polygender,162.219.161.131,1/24/2023
255,Sutherland,Romao,sromao72@weebly.com,Male,129.171.42.220,1/15/2023
256,Bartram,Slessar,bslessar73@comsenz.com,Male,199.209.210.171,6/14/2023
257,Yurik,Rump,yrump74@ovh.net,Male,252.28.58.252,9/20/2022
258,Malissia,Antosch,mantosch75@cyberchimps.com,Female,4.206.10.62,3/23/2023
259,Greta,Gavaran,ggavaran76@t-online.de,Female,137.235.13.39,1/22/2023
260,Kathryn,Dunthorn,kdunthorn77@ask.com,Female,254.51.64.79,9/21/2022
261,Tannie,Able,table78@usatoday.com,Male,172.132.173.110,6/21/2023
262,Quinn,Kettell,qkettell79@webnode.com,Polygender,105.162.32.63,7/19/2023
263,Ross,Milksop,rmilksop7a@domainmarket.com,Male,112.221.210.102,9/12/2022
264,Ebba,Rutgers,erutgers7b@chron.com,Female,130.176.210.78,5/1/2023
265,Harp,O'Duane,hoduane7c@engadget.com,Male,207.52.35.104,12/5/2022
266,Micki,Kenelin,mkenelin7d@latimes.com,Female,205.162.141.87,12/7/2022
267,Bidget,Foresight,bforesight7e@purevolume.com,Female,112.217.0.105,11/29/2022
268,Mab,Marciskewski,mmarciskewski7f@si.edu,Female,114.170.56.252,1/18/2023
269,Karlee,Puxley,kpuxley7g@freewebs.com,Female,246.138.220.153,3/12/2023
270,Hersch,Higford,hhigford7h@bloglines.com,Male,125.55.10.135,7/10/2023
271,Conney,Kike,ckike7i@imageshack.us,Male,106.142.222.159,2/27/2023
272,Michell,Quickenden,mquickenden7j@amazon.co.uk,Female,36.80.21.247,8/25/2023
273,Sargent,Biddlecombe,sbiddlecombe7k@opensource.org,Male,116.96.211.56,1/16/2023
274,Leona,Attrie,lattrie7l@state.gov,Female,189.108.118.124,7/18/2023
275,Reinald,Este,reste7m@cyberchimps.com,Male,201.120.105.49,4/19/2023
276,Kenny,Blesing,kblesing7n@jalbum.net,Male,78.255.125.236,3/29/2023
277,Korrie,Crolla,kcrolla7o@stumbleupon.com,Female,192.159.23.124,9/21/2022
278,Edith,Dorton,edorton7p@nasa.gov,Female,106.210.116.41,7/23/2023
279,Lenna,McKoy,lmckoy7q@wikipedia.org,Female,214.99.120.137,2/10/2023
280,Yves,Skurm,yskurm7r@patch.com,Male,83.23.202.111,12/12/2022
281,Blaine,Helsby,bhelsby7s@joomla.org,Male,234.246.88.74,9/1/2023
282,Zaria,Dobble,zdobble7t@instagram.com,Female,187.130.235.38,8/2/2023
283,Leroi,Hendrikse,lhendrikse7u@goodreads.com,Agender,176.122.106.68,11/12/2022
284,Bendite,Squire,bsquire7v@zimbio.com,Female,58.155.211.237,8/6/2023
285,Emmey,Rudeyeard,erudeyeard7w@mysql.com,Bigender,166.47.29.253,9/11/2022
286,Chester,Gook,cgook7x@privacy.gov.au,Male,0.208.72.79,3/9/2023
287,Purcell,Lavallie,plavallie7y@economist.com,Male,7.121.32.54,6/2/2023
288,Egon,Outram,eoutram7z@diigo.com,Bigender,204.13.8.121,1/21/2023
289,Harriette,Discombe,hdiscombe80@imdb.com,Female,49.72.10.235,1/10/2023
290,Veronique,Yitzovicz,vyitzovicz81@cyberchimps.com,Female,91.138.228.112,6/15/2023
291,Dev,Antonetti,dantonetti82@redcross.org,Male,86.152.101.247,11/20/2022
292,Veriee,Onions,vonions83@over-blog.com,Female,91.152.114.141,9/3/2023
293,Dela,Pleasants,dpleasants84@acquirethisname.com,Female,225.245.93.75,7/17/2023
294,Geno,Champ,gchamp85@nationalgeographic.com,Male,165.205.144.118,11/15/2022
295,Brendan,Binne,bbinne86@prnewswire.com,Male,71.39.242.202,3/6/2023
296,Lise,Longfield,llongfield87@google.com.br,Female,114.140.136.131,6/28/2023
297,Mar,Brawn,mbrawn88@dmoz.org,Male,181.173.2.60,5/1/2023
298,Jodee,Grayer,jgrayer89@apache.org,Female,246.41.105.154,1/30/2023
299,Blinnie,Ballham,bballham8a@scientificamerican.com,Female,192.205.2.195,12/30/2022
300,Hilda,Tithecote,htithecote8b@sohu.com,Female,173.134.43.242,8/8/2023
301,Care,Nutty,cnutty8c@deviantart.com,Male,185.227.238.142,10/21/2022
302,Garreth,Laurant,glaurant8d@technorati.com,Male,151.101.235.150,12/12/2022
303,Luise,Gascar,lgascar8e@nyu.edu,Female,163.148.244.229,12/29/2022
304,Hercules,Dodshon,hdodshon8f@gmpg.org,Male,11.220.222.234,8/23/2023
305,Ravi,Goodboddy,rgoodboddy8g@dailymail.co.uk,Male,231.74.125.24,11/29/2022
306,Christi,Munnion,cmunnion8h@tamu.edu,Female,247.253.177.108,9/27/2022
307,Sharona,Dain,sdain8i@godaddy.com,Female,27.237.93.32,7/31/2023
308,Amargo,Pomphrey,apomphrey8j@multiply.com,Female,198.241.247.105,6/1/2023
309,Peggie,Boycott,pboycott8k@skyrock.com,Female,244.183.153.2,11/24/2022
310,Etti,Piggins,epiggins8l@foxnews.com,Female,94.191.107.2,8/16/2023
311,Dorelia,Bruins,dbruins8m@psu.edu,Female,172.234.11.86,8/21/2023
312,Eolande,Larvor,elarvor8n@plala.or.jp,Female,165.101.250.164,2/20/2023
313,Mitzi,Packe,mpacke8o@ox.ac.uk,Female,195.254.240.193,12/23/2022
314,Karlis,Gummary,kgummary8p@homestead.com,Agender,225.10.133.28,6/19/2023
315,Jodee,Derricoat,jderricoat8q@blogspot.com,Genderqueer,72.61.160.253,10/12/2022
316,Madelina,Tupper,mtupper8r@ibm.com,Female,46.112.139.152,1/14/2023
317,Davida,Kiff,dkiff8s@earthlink.net,Female,13.244.221.9,2/21/2023
318,Margit,Gosz,mgosz8t@godaddy.com,Female,87.236.92.191,9/30/2022
319,Celestia,de Clerq,cdeclerq8u@un.org,Female,59.105.219.209,9/23/2022
320,Mahala,Tampling,mtampling8v@vkontakte.ru,Female,203.187.57.166,7/18/2023
321,Leela,Lemmers,llemmers8w@admin.ch,Female,101.8.233.208,5/14/2023
322,Ewell,Hendin,ehendin8x@ustream.tv,Genderfluid,208.3.231.145,1/23/2023
323,Claiborn,Swainston,cswainston8y@nps.gov,Male,61.130.101.97,4/24/2023
324,Benedikta,Kalkofen,bkalkofen8z@craigslist.org,Female,220.175.230.12,4/18/2023
325,Aldridge,Blount,ablount90@wiley.com,Male,183.215.76.109,5/8/2023
326,Samuele,Sleight,ssleight91@mozilla.com,Male,127.63.137.142,8/19/2023
327,Davie,Putley,dputley92@bandcamp.com,Male,188.71.30.12,9/24/2022
328,Jamaal,Sille,jsille93@usa.gov,Male,144.65.27.129,12/31/2022
329,Carson,De la Barre,cdelabarre94@exblog.jp,Male,135.229.117.99,7/21/2023
330,Bryn,Bradnam,bbradnam95@hubpages.com,Male,123.124.53.72,4/30/2023
331,Perry,Civitillo,pcivitillo96@free.fr,Male,94.91.66.15,3/25/2023
332,Jamill,MacCarlich,jmaccarlich97@nytimes.com,Male,207.114.0.42,8/31/2023
333,Harriott,Kreuzer,hkreuzer98@com.com,Female,63.107.250.154,8/10/2023
334,Clotilda,Ciciura,cciciura99@i2i.jp,Female,179.232.62.208,6/25/2023
335,Booth,Duetschens,bduetschens9a@psu.edu,Polygender,208.158.20.243,5/8/2023
336,Amby,Etock,aetock9b@ibm.com,Male,68.9.43.93,7/27/2023
337,Feliza,Schultz,fschultz9c@youtu.be,Female,233.58.93.170,6/4/2023
338,Gilbert,McKim,gmckim9d@mlb.com,Male,226.171.202.73,5/28/2023
339,Dwight,Pasek,dpasek9e@marketwatch.com,Male,255.68.103.241,7/21/2023
340,Flynn,Gorrissen,fgorrissen9f@meetup.com,Male,10.193.248.219,9/24/2022
341,Taite,Perkins,tperkins9g@nhs.uk,Male,27.21.1.162,2/13/2023
342,Lonna,Lampett,llampett9h@list-manage.com,Female,161.19.238.237,8/30/2023
343,Rooney,Picheford,rpicheford9i@mac.com,Male,229.12.228.23,11/7/2022
344,Clementine,Drysdall,cdrysdall9j@yandex.ru,Female,99.206.17.252,10/13/2022
345,Gilbert,Whawell,gwhawell9k@livejournal.com,Male,174.30.3.254,7/31/2023
346,Romain,Fatkin,rfatkin9l@surveymonkey.com,Male,56.165.227.214,4/27/2023
347,Miguela,Hassan,mhassan9m@unc.edu,Female,228.226.127.188,8/19/2023
348,Joli,Karpman,jkarpman9n@chicagotribune.com,Female,251.223.89.184,1/14/2023
349,Tomi,Seares,tseares9o@mediafire.com,Female,243.193.181.119,3/15/2023
350,Tonye,Gollin,tgollin9p@stanford.edu,Female,47.170.248.217,11/25/2022
351,Dalt,Iamittii,diamittii9q@jiathis.com,Male,191.25.181.157,2/1/2023
352,Isidoro,Gladtbach,igladtbach9r@mozilla.com,Male,199.156.249.141,12/31/2022
353,Karia,Lanfare,klanfare9s@engadget.com,Female,170.139.168.45,2/16/2023
354,Poppy,Gooderridge,pgooderridge9t@pcworld.com,Female,26.91.105.139,9/26/2022
355,Kelly,Ofield,kofield9u@archive.org,Male,243.57.150.75,7/2/2023
356,Austin,Osinin,aosinin9v@vkontakte.ru,Male,31.83.134.174,5/1/2023
357,Michal,MacKnight,mmacknight9w@admin.ch,Female,5.195.162.112,4/15/2023
358,Melessa,Strangward,mstrangward9x@microsoft.com,Female,58.67.244.109,12/24/2022
359,Aline,Moon,amoon9y@psu.edu,Female,2.253.133.5,8/28/2023
360,Samantha,Yallowley,syallowley9z@va.gov,Female,132.214.253.93,9/29/2022
361,Amberly,Hoggins,ahogginsa0@desdev.cn,Female,48.250.208.243,2/12/2023
362,Baudoin,Tomaszewicz,btomaszewicza1@clickbank.net,Male,80.173.193.189,10/27/2022
363,Viki,Thompstone,vthompstonea2@vkontakte.ru,Female,80.119.196.63,10/29/2022
364,Hyacinthia,Exelby,hexelbya3@rambler.ru,Female,172.88.232.179,4/3/2023
365,Lee,Flacke,lflackea4@oakley.com,Female,77.22.48.15,7/15/2023
366,Roxanna,Tytherton,rtythertona5@bing.com,Female,225.126.151.162,10/18/2022
367,Patten,Packer,ppackera6@shop-pro.jp,Male,85.217.218.33,7/16/2023
368,Desi,Potell,dpotella7@infoseek.co.jp,Male,78.220.255.198,2/28/2023
369,Sheelagh,Thaine,sthainea8@wufoo.com,Female,20.119.66.6,8/6/2023
370,Danette,Georges,dgeorgesa9@army.mil,Female,103.15.174.24,5/13/2023
371,Hal,Mueller,hmuelleraa@nbcnews.com,Genderqueer,245.244.197.151,2/14/2023
372,Raf,Marran,rmarranab@harvard.edu,Genderfluid,141.228.135.135,7/20/2023
373,Dre,Athow,dathowac@wp.com,Female,25.37.174.97,6/20/2023
374,Travis,Ardling,tardlingad@is.gd,Male,131.45.240.103,3/21/2023
375,Hank,Nafzger,hnafzgerae@sphinn.com,Male,158.140.214.0,6/9/2023
376,Giorgi,Hallwell,ghallwellaf@tinyurl.com,Agender,73.11.103.204,2/2/2023
377,Dorelia,Andresen,dandresenag@studiopress.com,Female,246.2.181.52,9/19/2022
378,Loydie,Kiffe,lkiffeah@dmoz.org,Male,8.14.70.129,1/28/2023
379,Birch,Hennington,bhenningtonai@xrea.com,Male,252.77.25.207,8/10/2023
380,Jerrold,Poore,jpooreaj@deviantart.com,Male,60.145.229.238,10/26/2022
381,Clywd,Tanti,ctantiak@usnews.com,Male,167.132.96.54,12/31/2022
382,Marybelle,Fright,mfrightal@twitter.com,Female,151.206.155.187,9/10/2022
383,Erick,Ilyin,eilyinam@wired.com,Male,157.119.80.214,7/11/2023
384,Andra,Winny,awinnyan@census.gov,Female,205.113.83.131,10/21/2022
385,Hillary,Shillingford,hshillingfordao@simplemachines.org,Female,142.103.197.238,3/22/2023
386,Ara,Somerville,asomervilleap@yahoo.co.jp,Male,66.184.102.99,6/15/2023
387,Giacopo,Higgan,ghigganaq@xing.com,Male,121.143.30.51,6/21/2023
388,Stearne,Gallemore,sgallemorear@merriam-webster.com,Male,56.231.74.217,8/28/2023
389,Jorge,Dagnall,jdagnallas@weebly.com,Male,76.168.63.5,8/19/2023
390,Melissa,Sibyllina,msibyllinaat@taobao.com,Female,228.149.136.186,4/28/2023
391,Shaine,Lamke,slamkeau@weebly.com,Male,244.140.202.235,4/2/2023
392,Barnard,Trethewey,btretheweyav@wikimedia.org,Male,35.115.50.51,7/21/2023
393,Ewart,McClaurie,emcclaurieaw@symantec.com,Male,27.14.70.135,4/19/2023
394,Vernen,Dorran,vdorranax@constantcontact.com,Polygender,87.213.176.252,10/9/2022
395,Laurice,Ricart,lricartay@cnbc.com,Female,138.38.19.23,5/24/2023
396,Pascal,Sharphurst,psharphurstaz@liveinternet.ru,Male,62.190.108.233,3/18/2023
397,Bobbi,Chiplin,bchiplinb0@buzzfeed.com,Genderfluid,146.201.232.84,9/8/2022
398,Abie,McSherry,amcsherryb1@scribd.com,Male,180.149.103.251,5/11/2023
399,Dorothee,Simes,dsimesb2@imgur.com,Female,159.137.202.45,2/12/2023
400,Homere,Turneaux,hturneauxb3@unc.edu,Male,193.240.118.219,2/21/2023
401,Jerrold,Brolan,jbrolanb4@ucsd.edu,Male,18.231.20.176,10/13/2022
402,Jamey,Schettini,jschettinib5@twitpic.com,Male,131.67.54.245,7/13/2023
403,Sofia,Groucutt,sgroucuttb6@bloomberg.com,Female,146.104.114.21,2/18/2023
404,Hephzibah,Lawly,hlawlyb7@ning.com,Female,126.18.178.204,10/29/2022
405,Claude,McAneny,cmcanenyb8@seesaa.net,Female,189.3.227.101,3/13/2023
406,Les,MacGarrity,lmacgarrityb9@aol.com,Genderqueer,248.54.184.173,9/1/2023
407,Delmar,Grzelewski,dgrzelewskiba@forbes.com,Male,201.143.148.66,2/6/2023
408,Paco,Fidock,pfidockbb@blogtalkradio.com,Male,104.246.171.180,1/6/2023
409,Teirtza,Debling,tdeblingbc@jugem.jp,Female,109.48.140.187,1/22/2023
410,Adey,Haggie,ahaggiebd@nhs.uk,Female,33.183.16.56,12/8/2022
411,Brock,Levane,blevanebe@myspace.com,Male,77.55.161.78,8/18/2023
412,Marris,Ellingford,mellingfordbf@jigsy.com,Female,217.208.34.5,8/15/2023
413,Ava,Austins,aaustinsbg@bigcartel.com,Female,29.80.148.140,6/24/2023
414,Bondon,McInally,bmcinallybh@huffingtonpost.com,Male,139.252.11.186,2/17/2023
415,Sinclare,Croneen,scroneenbi@craigslist.org,Male,145.61.104.42,11/29/2022
416,Hortense,Frowen,hfrowenbj@desdev.cn,Female,88.38.139.197,8/19/2023
417,Casie,Bowdler,cbowdlerbk@github.io,Genderfluid,58.98.83.189,7/27/2023
418,Hashim,Alishoner,halishonerbl@wikimedia.org,Male,46.111.202.255,1/8/2023
419,Heddi,Clyde,hclydebm@state.gov,Female,244.82.150.10,11/1/2022
420,Tedi,Heigho,theighobn@aboutads.info,Genderqueer,12.126.91.59,2/20/2023
421,Nannie,Ogden,nogdenbo@topsy.com,Female,77.45.134.41,6/22/2023
422,Mandi,Pester,mpesterbp@yandex.ru,Female,192.149.175.154,3/27/2023
423,Heddi,Docker,hdockerbq@chron.com,Female,222.184.64.122,4/27/2023
424,Netti,Roche,nrochebr@ameblo.jp,Female,161.7.72.244,2/6/2023
425,Lennard,Priel,lprielbs@wordpress.org,Male,215.20.149.236,12/16/2022
426,Brear,Whetson,bwhetsonbt@wikispaces.com,Female,130.18.181.8,9/26/2022
427,Duke,Standish,dstandishbu@umich.edu,Male,43.171.198.168,6/26/2023
428,Suellen,Ottey,sotteybv@gnu.org,Female,180.105.110.164,4/8/2023
429,Lara,Housecraft,lhousecraftbw@cpanel.net,Female,113.3.165.123,3/31/2023
430,Granger,Cheney,gcheneybx@narod.ru,Male,235.254.67.115,8/13/2023
431,Sherline,Martinyuk,smartinyukby@google.pl,Female,235.222.38.177,4/23/2023
432,Bobbye,Hamfleet,bhamfleetbz@wordpress.com,Female,241.20.20.177,10/5/2022
433,Rinaldo,Headings,rheadingsc0@newyorker.com,Male,74.255.225.248,7/19/2023
434,Dewain,Alves,dalvesc1@wikia.com,Male,167.177.111.167,9/16/2022
435,Sharity,Borles,sborlesc2@nih.gov,Female,5.77.48.6,9/23/2022
436,Bailey,Tetlow,btetlowc3@storify.com,Male,13.126.74.61,3/3/2023
437,Franni,Andrasch,fandraschc4@tuttocitta.it,Female,21.216.232.204,4/8/2023
438,Britney,Serman,bsermanc5@amazon.co.uk,Female,76.15.144.175,10/31/2022
439,Gradey,Barnet,gbarnetc6@nasa.gov,Male,26.169.87.146,12/15/2022
440,Sal,Furman,sfurmanc7@amazon.co.uk,Female,135.57.80.251,5/27/2023
441,Robbi,Danilovitch,rdanilovitchc8@dion.ne.jp,Female,82.211.218.130,6/3/2023
442,Neill,Raisher,nraisherc9@si.edu,Male,192.179.130.224,12/5/2022
443,Mitchael,Beddoe,mbeddoeca@marriott.com,Male,160.237.134.29,9/29/2022
444,Orson,Feldfisher,ofeldfishercb@ehow.com,Male,39.19.34.82,1/12/2023
445,Iago,Danson,idansoncc@jimdo.com,Male,63.234.117.171,7/11/2023
446,Sterling,Casement,scasementcd@cdc.gov,Male,22.31.47.233,5/31/2023
447,Tessie,Abdon,tabdonce@weibo.com,Female,178.36.252.111,10/15/2022
448,Tobey,Britner,tbritnercf@yelp.com,Female,77.144.92.247,3/4/2023
449,Penn,Twinborough,ptwinboroughcg@amazon.de,Male,96.7.142.164,1/29/2023
450,Thea,Colbourne,tcolbournech@amazon.com,Female,136.228.243.139,5/17/2023
451,Rayna,Comi,rcomici@meetup.com,Female,20.182.104.225,7/6/2023
452,Barb,Pinchen,bpinchencj@foxnews.com,Agender,58.158.116.57,11/3/2022
453,Dolf,McTeggart,dmcteggartck@thetimes.co.uk,Non-binary,184.222.81.57,1/2/2023
454,Cordy,Davis,cdaviscl@indiatimes.com,Genderqueer,239.219.142.233,12/25/2022
455,Monique,Mennear,mmennearcm@cyberchimps.com,Female,53.166.242.112,7/6/2023
456,Jabez,Cretney,jcretneycn@businessweek.com,Male,150.184.213.137,7/18/2023
457,Marna,Stendell,mstendellco@ted.com,Female,195.109.140.41,6/19/2023
458,Nan,Barczynski,nbarczynskicp@tripadvisor.com,Female,254.218.145.4,10/5/2022
459,Dorisa,Matyatin,dmatyatincq@last.fm,Female,40.171.231.242,6/20/2023
460,Georgy,McMeyler,gmcmeylercr@etsy.com,Genderfluid,93.253.119.240,6/20/2023
461,Lexie,Clitherow,lclitherowcs@edublogs.org,Female,46.39.69.243,12/16/2022
462,Gerik,Srawley,gsrawleyct@wikipedia.org,Male,251.81.177.175,2/2/2023
463,Germana,Damrel,gdamrelcu@people.com.cn,Female,199.50.124.247,7/21/2023
464,Halimeda,Neagle,hneaglecv@simplemachines.org,Female,176.121.90.86,5/21/2023
465,Katey,Jerrolt,kjerroltcw@usgs.gov,Female,56.109.68.106,5/6/2023
466,Ripley,Retallick,rretallickcx@merriam-webster.com,Male,229.111.10.58,8/28/2023
467,Lawton,Caldera,lcalderacy@usatoday.com,Male,116.96.68.174,12/22/2022
468,Darin,Plose,dplosecz@time.com,Male,118.127.195.39,10/5/2022
469,Ber,Deem,bdeemd0@ustream.tv,Male,16.87.44.166,2/14/2023
470,Kellina,Rofe,krofed1@va.gov,Female,113.103.112.187,4/20/2023
471,Tammy,Caulliere,tcaulliered2@list-manage.com,Male,154.196.57.157,8/20/2023
472,Bonita,Jancy,bjancyd3@bbb.org,Female,184.80.231.223,1/7/2023
473,Eirena,Barrie,ebarried4@artisteer.com,Female,250.19.219.154,10/28/2022
474,Alika,Blague,ablagued5@indiatimes.com,Female,231.46.30.255,5/7/2023
475,Chris,Gier,cgierd6@wordpress.org,Male,26.137.213.92,10/14/2022
476,Silvanus,Rigmand,srigmandd7@zimbio.com,Male,98.14.129.33,9/23/2022
477,Dieter,Blazi,dblazid8@booking.com,Male,193.181.1.175,3/22/2023
478,Zelda,Mackett,zmackettd9@list-manage.com,Bigender,93.53.97.15,7/6/2023
479,Christabella,Paley,cpaleyda@nasa.gov,Female,110.38.58.105,3/30/2023
480,Martha,Casbon,mcasbondb@studiopress.com,Female,1.23.88.164,7/5/2023
481,Roarke,Giacopelo,rgiacopelodc@usnews.com,Male,3.215.93.245,2/27/2023
482,Maryrose,Matchett,mmatchettdd@lycos.com,Female,163.195.215.107,3/30/2023
483,Cobby,Trowle,ctrowlede@vimeo.com,Male,67.117.52.150,5/17/2023
484,Ashlin,Lemonby,alemonbydf@merriam-webster.com,Male,8.0.208.113,4/26/2023
485,Shellysheldon,Gourlie,sgourliedg@weebly.com,Male,177.66.46.219,7/24/2023
486,Tristan,Jedrzaszkiewicz,tjedrzaszkiewiczdh@wordpress.com,Male,116.124.136.71,10/29/2022
487,Darin,Olford,dolforddi@google.it,Male,12.11.104.217,7/3/2023
488,Garth,Hylands,ghylandsdj@zdnet.com,Male,92.20.56.219,12/28/2022
489,Hillary,Hammand,hhammanddk@parallels.com,Female,18.19.68.76,3/3/2023
490,Missie,Chmarny,mchmarnydl@uol.com.br,Female,81.3.78.83,7/20/2023
491,Eran,Gerbel,egerbeldm@princeton.edu,Female,66.75.155.218,9/7/2022
492,Gaile,Westoff,gwestoffdn@cnet.com,Male,161.157.47.84,11/19/2022
493,Birch,Forder,bforderdo@cbsnews.com,Male,102.147.52.89,2/6/2023
494,Curr,Colling,ccollingdp@webeden.co.uk,Male,123.12.103.235,10/19/2022
495,Amble,Serginson,aserginsondq@google.nl,Male,184.199.180.28,1/22/2023
496,Deb,Skoggins,dskogginsdr@accuweather.com,Female,143.7.194.116,7/30/2023
497,Sydelle,Wythe,swytheds@miitbeian.gov.cn,Genderfluid,27.144.23.41,6/30/2023
498,Elbert,Kleinmintz,ekleinmintzdt@imgur.com,Male,168.127.107.32,7/17/2023
499,Gardie,Le Gassick,glegassickdu@uol.com.br,Male,154.226.155.116,4/11/2023
500,Michelina,Stirzaker,mstirzakerdv@ted.com,Non-binary,1.22.120.68,7/13/2023
501,Robina,Riding,rridingdw@barnesandnoble.com,Female,54.85.74.143,6/18/2023
502,Hermione,Kohrt,hkohrtdx@npr.org,Female,218.162.88.200,1/10/2023
503,Elvyn,Targe,etargedy@salon.com,Male,155.140.129.197,2/27/2023
504,Jeramey,Glowinski,jglowinskidz@nydailynews.com,Male,145.231.192.243,9/18/2022
505,Nisse,Mawne,nmawnee0@diigo.com,Female,232.69.91.4,11/20/2022
506,Morris,Mcwhinney,mmcwhinneye1@purevolume.com,Male,158.33.64.196,3/9/2023
507,Dillon,Robillart,drobillarte2@cbc.ca,Male,244.146.145.17,12/6/2022
508,Tim,Keilty,tkeiltye3@cnbc.com,Female,191.65.72.118,12/29/2022
509,Jose,Sholem,jsholeme4@msu.edu,Male,110.224.172.202,11/7/2022
510,Roseann,Tingle,rtinglee5@ucla.edu,Female,186.193.222.150,8/23/2023
511,Staci,Schleicher,sschleichere6@skyrock.com,Female,103.227.53.94,8/27/2023
512,Filip,Tomasz,ftomasze7@geocities.com,Genderfluid,117.34.13.84,8/1/2023
513,Hollis,Slocombe,hslocombee8@ca.gov,Male,127.191.219.229,8/18/2023
514,Scot,Beachem,sbeacheme9@ning.com,Male,72.62.143.88,8/1/2023
515,Carola,Lanegran,clanegranea@blog.com,Female,176.179.96.102,4/3/2023
516,Tana,Hernik,thernikeb@mashable.com,Female,69.105.105.1,10/28/2022
517,Seth,Hymas,shymasec@google.ca,Genderqueer,213.42.180.175,7/5/2023
518,Karina,Brouard,kbrouarded@flavors.me,Non-binary,177.192.89.174,10/5/2022
519,Maryl,Cosgrave,mcosgraveee@irs.gov,Female,147.92.146.193,9/4/2023
520,Northrop,Mercy,nmercyef@blogs.com,Male,187.153.40.0,3/8/2023
521,Jerrome,Beetles,jbeetleseg@omniture.com,Bigender,140.87.138.82,3/7/2023
522,Fanchette,Kuschel,fkuscheleh@arstechnica.com,Female,222.191.141.108,9/14/2022
523,Helga,Hambly,hhamblyei@icq.com,Female,220.17.71.183,2/26/2023
524,Isaak,Julien,ijulienej@earthlink.net,Genderfluid,17.14.215.165,3/24/2023
525,Jacynth,Grason,jgrasonek@elegantthemes.com,Female,161.215.56.222,7/10/2023
526,Nataniel,McCreary,nmccrearyel@dmoz.org,Male,53.87.111.133,6/29/2023
527,Georgianne,Palle,gpalleem@bluehost.com,Female,172.121.98.206,2/27/2023
528,Tanner,Raw,trawen@yahoo.co.jp,Male,184.50.183.185,4/12/2023
529,Gregory,Tompkiss,gtompkisseo@elegantthemes.com,Male,133.10.114.251,10/6/2022
530,Annelise,Brade,abradeep@unesco.org,Female,113.28.58.247,5/23/2023
531,Mavis,Martynka,mmartynkaeq@wikia.com,Female,99.23.166.236,8/29/2023
532,Hervey,Starte,hstarteer@ted.com,Male,47.174.93.196,2/22/2023
533,Ericha,Grattan,egrattanes@tamu.edu,Female,98.215.206.228,4/9/2023
534,Hartley,Donnison,hdonnisonet@umn.edu,Male,222.27.207.227,8/19/2023
535,Arin,Pollicott,apollicotteu@discovery.com,Male,176.72.4.84,4/7/2023
536,Sumner,Gladbach,sgladbachev@amazon.co.uk,Male,177.173.173.248,8/21/2023
537,Conchita,Schapero,cschaperoew@mozilla.com,Female,97.214.137.26,8/24/2023
538,Sandie,Eddisford,seddisfordex@jugem.jp,Female,6.237.101.63,8/25/2023
539,Vite,Goodyear,vgoodyearey@weather.com,Male,77.117.198.79,2/20/2023
540,Hubey,Gravell,hgravellez@ocn.ne.jp,Male,8.82.110.149,10/23/2022
541,Wilden,D'Arrigo,wdarrigof0@altervista.org,Male,92.126.120.72,4/29/2023
542,Garvey,Waterstone,gwaterstonef1@blinklist.com,Male,12.0.56.149,11/9/2022
543,Enid,Mirralls,emirrallsf2@mlb.com,Female,76.220.42.178,4/23/2023
544,Stanford,Gittus,sgittusf3@google.it,Male,94.173.36.89,7/4/2023
545,Nollie,Lindwall,nlindwallf4@twitpic.com,Male,196.98.94.26,4/19/2023
546,Carmel,Rubee,crubeef5@dropbox.com,Female,137.15.114.2,12/16/2022
547,Felicle,Girk,fgirkf6@wired.com,Female,49.176.20.197,11/14/2022
548,Bobby,Dibden,bdibdenf7@timesonline.co.uk,Male,200.223.44.201,2/24/2023
549,Sharla,Shanks,sshanksf8@photobucket.com,Female,87.177.218.135,1/6/2023
550,Misha,Airs,mairsf9@imdb.com,Genderqueer,164.12.228.166,10/2/2022
551,Muhammad,Tomik,mtomikfa@chronoengine.com,Male,115.252.32.126,8/23/2023
552,Terry,Barns,tbarnsfb@oakley.com,Female,15.246.102.34,1/23/2023
553,Inna,Extil,iextilfc@senate.gov,Genderqueer,227.212.100.80,12/28/2022
554,Kerianne,Pendlebery,kpendleberyfd@umn.edu,Female,49.23.91.32,2/10/2023
555,Erhard,Aleavy,ealeavyfe@is.gd,Genderqueer,64.189.8.127,5/8/2023
556,Lanita,Meddick,lmeddickff@washington.edu,Female,44.175.122.97,3/18/2023
557,Letta,Rummer,lrummerfg@oracle.com,Female,87.40.163.22,12/15/2022
558,Felike,Duckworth,fduckworthfh@ox.ac.uk,Male,240.122.53.217,8/16/2023
559,Harwilll,Nicholl,hnichollfi@yellowpages.com,Male,88.183.87.215,3/15/2023
560,Theodosia,Brandin,tbrandinfj@ehow.com,Bigender,151.202.62.134,1/2/2023
561,Amerigo,Levicount,alevicountfk@gmpg.org,Bigender,224.35.208.135,10/25/2022
562,Fred,Skoof,fskooffl@businessweek.com,Male,17.86.71.154,12/11/2022
563,Rory,Amorts,ramortsfm@livejournal.com,Female,250.127.166.226,1/8/2023
564,Deeann,Vardy,dvardyfn@theatlantic.com,Female,251.155.176.74,12/24/2022
565,Heall,Branni,hbrannifo@hc360.com,Male,188.192.101.12,11/23/2022
566,Christan,Channer,cchannerfp@1und1.de,Female,186.252.148.67,9/26/2022
567,Lucia,Ashlee,lashleefq@bandcamp.com,Female,69.17.5.200,11/8/2022
568,Haven,Wannan,hwannanfr@about.me,Male,126.1.45.225,10/14/2022
569,Kincaid,Sinclar,ksinclarfs@chronoengine.com,Genderfluid,51.198.136.227,3/30/2023
570,Mirabel,Grima,mgrimaft@java.com,Polygender,44.166.206.128,6/14/2023
571,Davida,Goodacre,dgoodacrefu@sakura.ne.jp,Female,169.211.39.218,9/20/2022
572,Jermain,Thaxter,jthaxterfv@nps.gov,Male,0.170.81.121,2/14/2023
573,Amie,Malimoe,amalimoefw@google.ca,Genderfluid,57.223.31.70,9/29/2022
574,Akim,Pilipyak,apilipyakfx@mozilla.org,Male,250.134.16.135,4/20/2023
575,Corinna,Buckmaster,cbuckmasterfy@wikimedia.org,Genderqueer,174.166.228.140,11/2/2022
576,Olenka,Chilvers,ochilversfz@sina.com.cn,Female,158.49.171.9,4/20/2023
577,Kale,Bresland,kbreslandg0@mail.ru,Male,55.188.163.45,11/15/2022
578,Katine,Grout,kgroutg1@google.es,Female,81.29.171.102,11/17/2022
579,Roderigo,Pechell,rpechellg2@jiathis.com,Male,26.166.73.249,9/23/2022
580,Herta,Cape,hcapeg3@yolasite.com,Genderfluid,3.202.67.78,12/1/2022
581,Matilde,Ryves,mryvesg4@barnesandnoble.com,Female,175.109.12.75,5/3/2023
582,Taffy,Penni,tpennig5@netlog.com,Female,37.46.122.193,3/29/2023
583,Orelle,Cappineer,ocappineerg6@bloomberg.com,Female,43.93.139.110,6/13/2023
584,Ana,Staples,astaplesg7@angelfire.com,Non-binary,194.128.61.207,6/7/2023
585,Ardelis,Tubble,atubbleg8@gov.uk,Female,169.223.133.245,3/20/2023
586,Roarke,Crapper,rcrapperg9@storify.com,Male,60.107.125.119,1/5/2023
587,Leslie,Pughsley,lpughsleyga@wufoo.com,Bigender,166.70.141.87,6/20/2023
588,Worthington,Youtead,wyouteadgb@wikia.com,Male,9.44.78.163,12/14/2022
589,Morganica,Kenealy,mkenealygc@nasa.gov,Female,241.126.181.239,11/29/2022
590,Lou,Forsbey,lforsbeygd@yolasite.com,Male,79.201.226.173,2/24/2023
591,Norene,De La Coste,ndelacostege@cafepress.com,Female,231.156.31.20,9/20/2022
592,Tim,Steinor,tsteinorgf@washington.edu,Female,110.32.126.174,1/2/2023
593,Konrad,Maria,kmariagg@vimeo.com,Male,120.54.180.172,5/23/2023
594,Bryanty,McQuin,bmcquingh@google.de,Male,238.129.252.44,7/11/2023
595,Van,Bussen,vbussengi@webs.com,Male,217.215.207.39,2/26/2023
596,Geno,Dadson,gdadsongj@purevolume.com,Male,40.146.209.156,3/28/2023
597,Dud,Pettit,dpettitgk@mozilla.org,Male,48.112.172.163,10/8/2022
598,Bax,Scarre,bscarregl@amazonaws.com,Male,243.129.94.106,1/4/2023
599,Raoul,Daybell,rdaybellgm@plala.or.jp,Male,137.66.206.151,8/7/2023
600,Amii,Marcome,amarcomegn@stumbleupon.com,Genderqueer,228.79.206.22,2/24/2023
601,Jamey,Shurey,jshureygo@shutterfly.com,Male,224.116.44.87,1/6/2023
602,Frederico,Paudin,fpaudingp@buzzfeed.com,Male,210.159.30.61,5/6/2023
603,Jacynth,Hammett,jhammettgq@phoca.cz,Agender,144.70.214.39,11/27/2022
604,Devin,Gateman,dgatemangr@reuters.com,Male,173.43.134.181,2/3/2023
605,Jenny,Bracco,jbraccogs@blogtalkradio.com,Female,95.205.213.205,10/15/2022
606,Alissa,Meiner,ameinergt@mashable.com,Female,127.98.234.16,4/20/2023
607,Ashli,Paver,apavergu@purevolume.com,Female,176.89.157.157,1/3/2023
608,Pavia,Bedborough,pbedboroughgv@eventbrite.com,Female,1.156.177.33,4/14/2023
609,Belinda,Cathery,bcatherygw@prnewswire.com,Female,42.183.47.114,12/30/2022
610,Lazare,Biggs,lbiggsgx@mozilla.org,Male,157.177.180.195,7/15/2023
611,Finlay,Alderwick,falderwickgy@ox.ac.uk,Male,6.91.131.40,8/29/2023
612,Damara,Sawell,dsawellgz@google.com.hk,Female,65.190.38.237,3/31/2023
613,Kyla,Phipp,kphipph0@opensource.org,Female,231.254.16.250,10/6/2022
614,Patric,Vinsen,pvinsenh1@lulu.com,Male,33.183.242.75,8/31/2023
615,Edithe,Gherardini,egherardinih2@constantcontact.com,Female,203.155.253.227,1/17/2023
616,Natalina,Cuttler,ncuttlerh3@reddit.com,Female,78.164.97.222,11/3/2022
617,Sherwood,Jiricka,sjirickah4@over-blog.com,Male,182.202.189.253,9/13/2022
618,Cassandra,Dimitrescu,cdimitrescuh5@wordpress.com,Polygender,51.142.158.18,9/17/2022
619,Stephana,Littledike,slittledikeh6@flickr.com,Genderqueer,156.32.11.118,7/20/2023
620,Francisca,Sudron,fsudronh7@loc.gov,Female,206.100.23.242,9/14/2022
621,Andria,Habbijam,ahabbijamh8@nymag.com,Female,199.104.191.211,2/1/2023
622,Truman,Mar,tmarh9@cbsnews.com,Male,216.254.236.0,9/5/2022
623,Halimeda,Danell,hdanellha@statcounter.com,Female,1.235.251.116,12/25/2022
624,Any,Flaverty,aflavertyhb@purevolume.com,Male,8.191.240.93,8/25/2023
625,Denis,Lennie,dlenniehc@ca.gov,Male,136.187.214.145,5/29/2023
626,Marcelline,Gollin,mgollinhd@irs.gov,Female,8.180.197.232,8/2/2023
627,Free,Elfleet,felfleethe@yahoo.com,Male,162.14.230.60,8/16/2023
628,Goldarina,Brimmell,gbrimmellhf@shutterfly.com,Female,60.227.104.13,9/18/2022
629,Durand,Chesley,dchesleyhg@php.net,Agender,43.110.6.215,9/23/2022
630,Job,Dislee,jdisleehh@pcworld.com,Male,34.128.178.211,2/11/2023
631,Lauralee,Pincked,lpinckedhi@wix.com,Female,130.81.10.195,4/30/2023
632,Kathryn,Beri,kberihj@indiegogo.com,Female,193.67.135.79,12/26/2022
633,Arabelle,Sussems,asussemshk@g.co,Female,167.116.253.60,3/23/2023
634,Dyanne,Dinjes,ddinjeshl@paginegialle.it,Female,25.47.175.92,11/29/2022
635,Kelley,Doige,kdoigehm@hp.com,Male,39.44.5.90,3/4/2023
636,Rosalyn,Bratty,rbrattyhn@skyrock.com,Female,202.133.59.221,11/13/2022
637,Cordell,Peabody,cpeabodyho@bigcartel.com,Male,255.213.169.129,12/22/2022
638,Ted,Eltringham,teltringhamhp@163.com,Genderfluid,59.86.90.141,9/17/2022
639,Calla,Mouser,cmouserhq@state.gov,Female,10.130.180.30,7/17/2023
640,Sloane,Bowra,sbowrahr@businessweek.com,Male,242.64.215.81,2/5/2023
641,Wenonah,Ugoni,wugonihs@csmonitor.com,Female,130.97.10.66,3/24/2023
642,Sheilakathryn,Kibble,skibbleht@cloudflare.com,Female,86.144.58.167,8/27/2023
643,Ninette,Slewcock,nslewcockhu@mac.com,Female,224.251.134.27,7/9/2023
644,Fred,Birckmann,fbirckmannhv@globo.com,Female,103.79.137.126,7/22/2023
645,Gauthier,Blitz,gblitzhw@imdb.com,Male,99.237.101.101,7/27/2023
646,Morna,Watman,mwatmanhx@vistaprint.com,Female,255.118.22.254,7/22/2023
647,Otto,Zecchi,ozecchihy@amazon.co.jp,Male,223.48.244.149,1/13/2023
648,Thorvald,Sangra,tsangrahz@statcounter.com,Male,242.103.32.125,3/10/2023
649,Erinna,Karchewski,ekarchewskii0@examiner.com,Genderfluid,187.124.161.54,2/16/2023
650,Laurel,Coverley,lcoverleyi1@google.es,Female,191.194.225.68,5/29/2023
651,Kennie,Perin,kperini2@house.gov,Male,51.249.64.138,2/9/2023
652,Kaitlyn,Aylmore,kaylmorei3@nasa.gov,Female,198.97.203.65,12/12/2022
653,Care,Corten,ccorteni4@booking.com,Male,59.120.165.110,9/9/2022
654,Cari,Reace,creacei5@oakley.com,Female,161.140.250.47,6/13/2023
655,Etan,Lorenc,elorenci6@icq.com,Male,192.30.151.219,12/24/2022
656,Barri,Winterbourne,bwinterbournei7@fda.gov,Male,44.240.16.161,8/13/2023
657,Heidie,Jaze,hjazei8@chron.com,Female,198.184.0.110,6/17/2023
658,Gwyneth,Dunbleton,gdunbletoni9@hatena.ne.jp,Female,109.151.213.95,1/27/2023
659,Donn,Kocher,dkocheria@symantec.com,Male,6.144.156.134,2/8/2023
660,Peder,Bum,pbumib@nba.com,Male,254.130.117.42,6/15/2023
661,Belle,Ginity,bginityic@walmart.com,Female,128.150.82.33,4/19/2023
662,Kaylil,Newdick,knewdickid@chron.com,Female,2.154.55.64,7/11/2023
663,Alfie,Linscott,alinscottie@blinklist.com,Male,207.40.35.116,1/10/2023
664,Marilee,Ridde,mriddeif@prnewswire.com,Bigender,183.80.147.61,12/3/2022
665,Myrilla,Toopin,mtoopinig@yahoo.co.jp,Female,34.214.228.225,7/9/2023
666,Neala,Budge,nbudgeih@scribd.com,Female,191.40.172.16,8/31/2023
667,Sherwynd,Reek,sreekii@sohu.com,Male,199.135.2.20,7/5/2023
668,Riccardo,Avesque,ravesqueij@google.com.hk,Male,247.134.148.228,5/8/2023
669,Sonny,Gillies,sgilliesik@auda.org.au,Female,7.119.156.88,5/28/2023
670,Barb,Kidner,bkidneril@rediff.com,Female,63.32.146.218,7/23/2023
671,Zorine,Striker,zstrikerim@yandex.ru,Female,105.112.206.125,10/30/2022
672,Perceval,Ferras,pferrasin@netlog.com,Male,167.12.34.180,1/15/2023
673,Flossy,Brundle,fbrundleio@feedburner.com,Female,152.51.13.250,5/6/2023
674,Jessi,Sapson,jsapsonip@newsvine.com,Female,54.49.47.202,9/25/2022
675,Abramo,Titmarsh,atitmarshiq@delicious.com,Male,99.116.129.203,10/11/2022
676,Claudine,Stigger,cstiggerir@wp.com,Female,15.100.106.132,11/6/2022
677,Rebe,Lagadu,rlagaduis@imgur.com,Female,17.233.158.58,6/10/2023
678,Daniela,Tilly,dtillyit@friendfeed.com,Polygender,111.12.124.35,1/8/2023
679,Kennedy,Ovesen,koveseniu@php.net,Male,232.216.219.55,6/25/2023
680,Alene,Tutchings,atutchingsiv@google.es,Female,67.106.227.141,2/20/2023
681,Antonio,Gumm,agummiw@springer.com,Male,198.237.207.51,7/6/2023
682,Vally,Saxton,vsaxtonix@multiply.com,Non-binary,83.114.230.90,7/18/2023
683,Avrom,McGarry,amcgarryiy@biblegateway.com,Male,110.101.136.30,11/5/2022
684,Enrique,McIlwraith,emcilwraithiz@state.gov,Male,3.31.78.80,10/28/2022
685,Corabel,Cartmale,ccartmalej0@about.me,Female,157.104.198.168,11/19/2022
686,Gael,Ditt,gdittj1@fc2.com,Male,2.183.250.115,8/22/2023
687,Cary,Utteridge,cutteridgej2@slashdot.org,Male,155.253.188.43,10/17/2022
688,Shanta,Thomel,sthomelj3@privacy.gov.au,Female,226.70.172.159,10/25/2022
689,Kimmie,Gosden,kgosdenj4@facebook.com,Female,155.243.10.12,12/13/2022
690,Willie,Briiginshaw,wbriiginshawj5@google.com,Male,74.239.177.251,9/22/2022
691,Robin,Trevon,rtrevonj6@oakley.com,Female,131.212.88.234,1/24/2023
692,Rhett,Mordecai,rmordecaij7@goo.gl,Male,190.194.104.42,9/22/2022
693,Garfield,Rolfe,grolfej8@about.me,Male,44.2.234.163,5/31/2023
694,Gloria,Surgener,gsurgenerj9@cargocollective.com,Female,90.70.50.48,10/31/2022
695,Jodi,McConnulty,jmcconnultyja@fema.gov,Male,240.101.23.121,4/21/2023
696,Rowney,Fritchly,rfritchlyjb@loc.gov,Male,25.145.152.172,12/21/2022
697,Cheslie,Matthewman,cmatthewmanjc@whitehouse.gov,Female,218.159.172.82,10/29/2022
698,Haze,Ceely,hceelyjd@theguardian.com,Male,181.84.230.228,9/11/2022
699,Julieta,Killby,jkillbyje@diigo.com,Female,13.195.20.140,6/7/2023
700,Pepi,Humphris,phumphrisjf@adobe.com,Female,39.66.193.48,5/23/2023
701,Alfie,Renhard,arenhardjg@ca.gov,Male,204.67.247.14,2/19/2023
702,Modesty,Paragreen,mparagreenjh@cmu.edu,Female,236.227.70.245,11/26/2022
703,Sallie,Delion,sdelionji@techcrunch.com,Female,0.191.104.79,5/20/2023
704,Brade,Grinsted,bgrinstedjj@buzzfeed.com,Bigender,125.171.138.196,5/31/2023
705,Kerby,Dearle-Palser,kdearlepalserjk@mapquest.com,Male,15.11.193.141,4/13/2023
706,Myrilla,Shaddick,mshaddickjl@1688.com,Female,140.78.161.31,5/11/2023
707,Aura,Ive,aivejm@java.com,Female,71.169.197.25,12/31/2022
708,Sheff,Fronsek,sfronsekjn@1und1.de,Male,44.116.43.216,12/9/2022
709,Pauly,Colin,pcolinjo@dedecms.com,Female,110.29.39.181,1/18/2023
710,Sofie,Kearle,skearlejp@walmart.com,Female,47.85.143.248,8/30/2023
711,Vivyan,Landis,vlandisjq@pen.io,Female,168.217.30.66,2/2/2023
712,Jesse,Jolin,jjolinjr@oracle.com,Male,72.142.140.95,3/18/2023
713,Willem,Dengel,wdengeljs@netvibes.com,Male,140.58.189.122,1/31/2023
714,Gan,Coronado,gcoronadojt@rakuten.co.jp,Male,138.153.57.180,7/29/2023
715,Nathanial,Haith,nhaithju@foxnews.com,Male,133.219.244.68,5/5/2023
716,Fredra,Blest,fblestjv@nps.gov,Female,146.230.118.76,1/22/2023
717,Maurizio,Obert,mobertjw@tripadvisor.com,Male,181.141.214.61,8/29/2023
718,Tann,Pinches,tpinchesjx@rakuten.co.jp,Male,226.58.29.202,7/12/2023
719,Dion,Rechert,drechertjy@drupal.org,Female,57.219.134.150,11/2/2022
720,Tildi,Yerrell,tyerrelljz@ibm.com,Female,28.141.119.5,3/12/2023
721,Del,Comer,dcomerk0@blogger.com,Female,105.199.9.229,10/5/2022
722,Dorella,Leadbeater,dleadbeaterk1@usda.gov,Female,3.136.243.21,7/28/2023
723,Julietta,Stranks,jstranksk2@comcast.net,Bigender,134.160.187.129,1/9/2023
724,Constanta,Swadlinge,cswadlingek3@wsj.com,Female,125.126.216.216,4/24/2023
725,Hilton,Paige,hpaigek4@trellian.com,Male,178.115.178.205,3/29/2023
726,Norris,Bourbon,nbourbonk5@paypal.com,Male,238.247.79.12,10/6/2022
727,Robinett,Cove,rcovek6@dyndns.org,Female,224.234.105.31,11/29/2022
728,Lodovico,Oliveras,loliverask7@mapy.cz,Male,141.230.210.98,8/23/2023
729,Rick,Sidebotton,rsidebottonk8@twitter.com,Male,175.110.219.222,8/13/2023
730,Jean,Marle,jmarlek9@tamu.edu,Male,164.109.34.94,7/18/2023
731,Ulla,Bollini,ubollinika@hhs.gov,Female,12.124.153.195,9/20/2022
732,Mannie,Yeabsley,myeabsleykb@1und1.de,Male,69.229.244.216,12/19/2022
733,Gussi,Varfalameev,gvarfalameevkc@geocities.jp,Female,199.120.146.120,12/4/2022
734,Aron,Tackle,atacklekd@berkeley.edu,Male,83.19.205.1,6/8/2023
735,Quincy,Earl,qearlke@ed.gov,Genderfluid,241.55.140.101,2/5/2023
736,Tommy,Marrian,tmarriankf@chron.com,Female,97.106.225.246,12/5/2022
737,Ulrika,Billborough,ubillboroughkg@bbb.org,Female,99.32.127.105,4/29/2023
738,Raynell,Bunyard,rbunyardkh@dot.gov,Female,77.62.98.13,8/22/2023
739,Ronda,Gainsbury,rgainsburyki@icio.us,Female,20.204.139.143,1/4/2023
740,Cherianne,Bealing,cbealingkj@netlog.com,Female,120.143.184.146,11/18/2022
741,Ahmed,Allington,aallingtonkk@1688.com,Male,0.21.184.25,8/5/2023
742,Ade,Caldecott,acaldecottkl@abc.net.au,Male,97.18.87.29,11/23/2022
743,Drucie,Rowen,drowenkm@dyndns.org,Bigender,222.101.238.11,8/17/2023
744,Den,Temporal,dtemporalkn@godaddy.com,Male,204.150.26.201,12/2/2022
745,Justen,Gallard,jgallardko@slate.com,Male,197.251.220.250,9/10/2022
746,Agustin,Giddins,agiddinskp@jalbum.net,Male,81.16.151.1,3/7/2023
747,Crawford,Dumini,cduminikq@clickbank.net,Polygender,72.253.191.131,8/10/2023
748,Kirsti,Blasetti,kblasettikr@angelfire.com,Female,65.101.34.147,11/3/2022
749,Hillier,Steward,hstewardks@dmoz.org,Male,16.2.67.67,11/25/2022
750,Brand,Crisall,bcrisallkt@pinterest.com,Male,47.116.92.178,10/5/2022
751,Tiler,Marages,tmaragesku@tmall.com,Male,84.194.184.22,5/20/2023
752,Mohandas,Henniger,mhennigerkv@ca.gov,Male,150.170.119.207,6/7/2023
753,Ernest,Rockcliff,erockcliffkw@comcast.net,Male,160.138.26.137,9/30/2022
754,Griffin,MacMakin,gmacmakinkx@imdb.com,Male,68.108.8.120,11/11/2022
755,Felipe,McRobert,fmcrobertky@rambler.ru,Male,184.136.108.166,7/13/2023
756,Linn,Swatland,lswatlandkz@unblog.fr,Female,204.38.103.9,3/3/2023
757,Ky,Ivamy,kivamyl0@bloglovin.com,Male,14.221.63.16,10/16/2022
758,Britte,Shawel,bshawell1@globo.com,Female,182.89.199.18,9/15/2022
759,Chery,Girhard,cgirhardl2@360.cn,Female,118.200.20.4,4/18/2023
760,Hollis,Denisovo,hdenisovol3@dot.gov,Male,148.121.107.223,6/9/2023
761,Lynnette,Popland,lpoplandl4@stumbleupon.com,Female,26.242.231.10,7/21/2023
762,Karl,Orhtmann,korhtmannl5@myspace.com,Male,17.240.121.6,7/17/2023
763,Kelwin,Cundey,kcundeyl6@google.ru,Male,209.46.12.193,1/25/2023
764,Blinnie,Baniard,bbaniardl7@yellowbook.com,Female,101.77.76.162,9/3/2023
765,Stirling,Osgerby,sosgerbyl8@umn.edu,Male,20.233.109.210,2/26/2023
766,Carmelina,Espinha,cespinhal9@meetup.com,Female,247.21.225.69,12/26/2022
767,Byrle,Crake,bcrakela@illinois.edu,Male,98.78.12.18,4/25/2023
768,Jordon,Martlew,jmartlewlb@accuweather.com,Male,201.111.131.214,1/23/2023
769,Elyn,Studdard,estuddardlc@chicagotribune.com,Female,105.110.43.195,12/17/2022
770,Sibley,Spenley,sspenleyld@bizjournals.com,Female,6.185.161.202,7/6/2023
771,Archambault,Schermick,aschermickle@mit.edu,Male,47.147.168.246,11/8/2022
772,Chaddy,Clopton,ccloptonlf@tumblr.com,Male,171.71.238.205,2/14/2023
773,Stefanie,Harnott,sharnottlg@kickstarter.com,Female,150.192.7.81,6/5/2023
774,Delmar,Nelson,dnelsonlh@clickbank.net,Male,177.96.85.228,2/3/2023
775,Ibby,Wickliffe,iwickliffeli@123-reg.co.uk,Female,236.78.11.40,7/18/2023
776,Desiree,Nani,dnanilj@mail.ru,Female,82.62.98.130,2/8/2023
777,Bobine,Kalkhoven,bkalkhovenlk@oracle.com,Female,52.85.92.0,7/30/2023
778,Appolonia,Gernier,agernierll@nyu.edu,Female,59.204.93.127,5/18/2023
779,Pearline,Killen,pkillenlm@vistaprint.com,Female,119.65.99.29,5/20/2023
780,Torrie,Glasper,tglasperln@nba.com,Female,226.41.24.91,10/15/2022
781,Jase,Davenhall,jdavenhalllo@google.es,Male,155.17.56.27,8/4/2023
782,Jordain,Witherspoon,jwitherspoonlp@cbc.ca,Female,12.234.111.120,5/9/2023
783,Geoff,Ewbank,gewbanklq@unesco.org,Male,58.117.127.63,1/26/2023
784,Gerhardine,Peaker,gpeakerlr@com.com,Female,39.18.83.137,6/18/2023
785,Vi,Paddell,vpaddellls@amazonaws.com,Genderqueer,105.55.142.163,4/9/2023
786,Annabella,Loynes,aloyneslt@wiley.com,Agender,185.170.22.216,1/31/2023
787,Seymour,Marzelle,smarzellelu@mlb.com,Male,179.179.176.159,5/2/2023
788,Shanta,Hodcroft,shodcroftlv@pen.io,Female,145.54.247.163,8/18/2023
789,Quincy,Killshaw,qkillshawlw@google.de,Genderfluid,106.150.106.111,7/27/2023
790,Keelby,Ellaman,kellamanlx@biblegateway.com,Male,208.19.227.109,5/25/2023
791,Pierette,Mc Trusty,pmctrustyly@slashdot.org,Female,13.21.13.153,3/22/2023
792,Cecil,Warbey,cwarbeylz@chronoengine.com,Male,190.38.41.118,3/30/2023
793,Morganica,Howlin,mhowlinm0@geocities.com,Female,236.112.209.76,5/19/2023
794,Tremayne,Sowrey,tsowreym1@odnoklassniki.ru,Male,99.101.79.154,6/27/2023
795,Euell,Spelman,espelmanm2@vistaprint.com,Male,139.230.205.58,7/13/2023
796,Edita,Livingstone,elivingstonem3@hp.com,Female,125.197.49.13,6/24/2023
797,Brig,Corrin,bcorrinm4@google.com,Male,198.169.147.252,9/18/2022
798,Paolina,O'Scollain,poscollainm5@macromedia.com,Female,190.112.82.6,5/30/2023
799,Maynard,Dilkes,mdilkesm6@yellowpages.com,Male,209.35.160.246,9/7/2022
800,Nye,Cowderoy,ncowderoym7@bloomberg.com,Male,188.213.251.140,6/30/2023
801,Tiebout,Rodenburgh,trodenburghm8@rediff.com,Male,100.254.237.89,7/24/2023
802,Garrot,Palffrey,gpalffreym9@fotki.com,Male,121.146.179.123,2/18/2023
803,Quintin,Palliser,qpalliserma@salon.com,Male,4.100.106.145,9/11/2022
804,Miguela,Carrodus,mcarrodusmb@si.edu,Female,149.69.176.96,2/11/2023
805,Skipton,Codner,scodnermc@w3.org,Male,83.82.208.219,9/8/2022
806,Launce,Vigers,lvigersmd@multiply.com,Male,184.132.199.229,3/18/2023
807,Chelsea,Spinke,cspinkeme@homestead.com,Female,195.208.78.169,2/26/2023
808,Kania,Rojel,krojelmf@washington.edu,Female,243.225.168.125,5/15/2023
809,Dorri,Artharg,darthargmg@walmart.com,Non-binary,112.146.82.6,3/20/2023
810,Renee,Jeduch,rjeduchmh@prnewswire.com,Female,99.185.47.240,12/25/2022
811,Loralee,Jozefowicz,ljozefowiczmi@mozilla.com,Female,223.186.55.24,12/9/2022
812,Tobe,Lindop,tlindopmj@timesonline.co.uk,Male,237.86.55.232,2/15/2023
813,Emmery,Laverack,elaverackmk@tuttocitta.it,Genderfluid,201.247.14.94,11/17/2022
814,Carmelina,Weinberg,cweinbergml@cbc.ca,Female,161.113.166.78,11/8/2022
815,Elora,Sanchez,esanchezmm@squidoo.com,Female,228.137.82.41,11/23/2022
816,Marietta,Ledrun,mledrunmn@spiegel.de,Female,194.58.209.145,3/24/2023
817,Audrye,Brion,abrionmo@dyndns.org,Female,175.209.72.155,7/28/2023
818,Karlens,MacDonogh,kmacdonoghmp@dagondesign.com,Male,94.173.128.8,10/20/2022
819,Dottie,Andraud,dandraudmq@163.com,Polygender,244.147.124.16,3/17/2023
820,Melissa,Rapson,mrapsonmr@ebay.com,Female,211.221.83.113,2/11/2023
821,Trula,Seel,tseelms@noaa.gov,Female,2.246.157.1,5/12/2023
822,Brina,Dwight,bdwightmt@kickstarter.com,Female,145.92.165.234,6/2/2023
823,Harlene,Coombes,hcoombesmu@flickr.com,Female,148.51.109.141,12/10/2022
824,Barnett,Flack,bflackmv@goodreads.com,Male,160.220.206.36,6/25/2023
825,Annalise,Hubbard,ahubbardmw@unc.edu,Female,114.20.196.136,5/19/2023
826,Ranique,Reilinger,rreilingermx@yelp.com,Female,62.94.99.72,9/25/2022
827,Ignace,Decort,idecortmy@360.cn,Male,27.153.142.26,2/15/2023
828,Zaneta,Baumaier,zbaumaiermz@live.com,Female,212.250.244.208,12/18/2022
829,Bill,Luffman,bluffmann0@wufoo.com,Male,33.221.126.255,6/15/2023
830,Jeffie,Meere,jmeeren1@tinyurl.com,Male,159.126.35.204,10/7/2022
831,Oliver,Yegorovnin,oyegorovninn2@foxnews.com,Male,37.29.155.161,2/21/2023
832,Carlita,Daubney,cdaubneyn3@reddit.com,Genderfluid,158.40.221.6,5/30/2023
833,Wilbert,Margach,wmargachn4@diigo.com,Male,254.77.129.77,4/17/2023
834,Boony,Seakings,bseakingsn5@redcross.org,Male,18.187.209.105,3/28/2023
835,Delaney,Lewing,dlewingn6@trellian.com,Male,241.158.160.6,4/16/2023
836,Ariel,Vila,avilan7@naver.com,Male,208.90.63.105,7/29/2023
837,Antoni,Garnham,agarnhamn8@ibm.com,Male,90.217.88.244,6/28/2023
838,Leanora,Stout,lstoutn9@sakura.ne.jp,Female,62.241.155.13,3/20/2023
839,Colet,Howsden,chowsdenna@cpanel.net,Male,160.221.118.223,11/2/2022
840,Carlyle,Sweetenham,csweetenhamnb@nytimes.com,Male,175.241.182.30,12/20/2022
841,Juliana,Zoane,jzoanenc@statcounter.com,Female,5.118.71.189,9/30/2022
842,Charline,Daulton,cdaultonnd@cbc.ca,Female,115.61.205.142,9/3/2023
843,Jerrie,Konke,jkonkene@fema.gov,Female,173.69.225.70,1/29/2023
844,Daron,Ruzic,druzicnf@wordpress.org,Male,241.43.147.30,6/13/2023
845,Blake,Helliker,bhellikerng@mit.edu,Female,47.231.150.191,11/17/2022
846,Lucia,Greenlies,lgreenliesnh@ustream.tv,Female,239.24.212.20,1/9/2023
847,Filberto,Preto,fpretoni@mayoclinic.com,Male,103.240.12.208,8/7/2023
848,Nora,Dongate,ndongatenj@addtoany.com,Female,0.238.128.204,2/7/2023
849,Antonia,Phettis,aphettisnk@usgs.gov,Female,91.138.201.147,2/1/2023
850,Sven,Galbraeth,sgalbraethnl@w3.org,Male,239.155.252.176,7/31/2023
851,Phil,Seaton,pseatonnm@craigslist.org,Male,161.63.106.113,3/21/2023
852,Lani,Hebbron,lhebbronnn@altervista.org,Female,77.220.44.209,5/6/2023
853,Iver,Baise,ibaiseno@ezinearticles.com,Male,135.193.220.136,11/26/2022
854,Warde,Rogan,wrogannp@homestead.com,Male,93.45.238.178,3/3/2023
855,Skylar,Chancelier,schanceliernq@theglobeandmail.com,Male,130.133.114.197,8/28/2023
856,Alexandro,Bonnyson,abonnysonnr@1und1.de,Male,41.17.9.246,3/18/2023
857,Niven,Klimpke,nklimpkens@quantcast.com,Male,0.86.241.140,9/5/2022
858,Gannie,Bullene,gbullenent@webmd.com,Polygender,46.159.75.168,9/2/2023
859,Orv,Andrysek,oandryseknu@sakura.ne.jp,Male,175.217.129.35,11/19/2022
860,Godwin,Bercher,gberchernv@nationalgeographic.com,Male,167.19.2.254,3/20/2023
861,Garey,Filppetti,gfilppettinw@skyrock.com,Male,229.97.117.132,6/19/2023
862,Blanch,Garman,bgarmannx@devhub.com,Female,98.17.42.84,4/4/2023
863,Kellyann,Connal,kconnalny@shop-pro.jp,Female,28.122.14.143,6/9/2023
864,Caldwell,Plumb,cplumbnz@si.edu,Male,0.90.5.138,8/31/2023
865,Bruno,Ribbon,bribbono0@msu.edu,Male,4.56.138.54,3/11/2023
866,Ivy,Lazar,ilazaro1@tuttocitta.it,Female,183.204.195.95,5/29/2023
867,Dennie,Clothier,dclothiero2@opera.com,Female,77.97.71.151,1/9/2023
868,Fletcher,Jiruch,fjirucho3@bloglovin.com,Male,8.122.220.145,12/3/2022
869,Sully,Romanetti,sromanettio4@unicef.org,Male,51.29.18.139,2/20/2023
870,Jessey,Westnedge,jwestnedgeo5@vkontakte.ru,Male,226.42.176.247,5/17/2023
871,Igor,Esp,iespo6@google.co.uk,Male,168.51.145.199,3/22/2023
872,Ileane,Jozefowicz,ijozefowiczo7@bbb.org,Female,78.36.63.127,10/22/2022
873,Sarita,Pietron,spietrono8@g.co,Female,169.234.30.2,4/4/2023
874,Anestassia,Juste,ajusteo9@booking.com,Bigender,130.26.191.64,9/24/2022
875,Tessie,Alred,talredoa@com.com,Female,165.226.246.244,1/22/2023
876,Moselle,Stanbro,mstanbroob@usgs.gov,Bigender,82.144.239.107,2/10/2023
877,Townie,Clemerson,tclemersonoc@slashdot.org,Male,236.6.15.211,8/4/2023
878,Marian,de Clercq,mdeclercqod@ehow.com,Female,16.182.99.108,5/20/2023
879,Florentia,Loughran,floughranoe@techcrunch.com,Female,98.236.54.242,8/29/2023
880,Thorin,Seger,tsegerof@so-net.ne.jp,Male,101.145.15.164,3/31/2023
881,Rosalinde,Frangleton,rfrangletonog@blinklist.com,Female,111.20.255.74,11/19/2022
882,Anabelle,Williamson,awilliamsonoh@google.it,Female,175.24.247.20,12/2/2022
883,Glennis,Dwyr,gdwyroi@freewebs.com,Female,245.20.95.213,9/28/2022
884,Berky,Gerrill,bgerrilloj@discuz.net,Genderfluid,45.148.9.77,8/21/2023
885,Una,Spellsworth,uspellsworthok@blinklist.com,Female,87.60.103.178,1/7/2023
886,Renata,Carlucci,rcarlucciol@discuz.net,Female,123.131.56.52,7/29/2023
887,Teodoro,Twigg,ttwiggom@jiathis.com,Male,75.35.59.195,12/1/2022
888,Tiphani,Cowl,tcowlon@bloomberg.com,Female,7.55.23.112,5/30/2023
889,Zacharia,Tidbury,ztidburyoo@jimdo.com,Male,162.167.209.18,4/24/2023
890,Court,Robinette,crobinetteop@quantcast.com,Male,128.131.202.121,8/23/2023
891,Ileana,Biddleston,ibiddlestonoq@paypal.com,Female,64.255.111.16,10/24/2022
892,Wendall,Gareisr,wgareisror@archive.org,Male,221.90.83.127,9/14/2022
893,Diann,MacGauhy,dmacgauhyos@topsy.com,Female,48.62.203.210,9/16/2022
894,Brittni,Nertney,bnertneyot@cnn.com,Female,132.116.135.244,2/18/2023
895,Alan,Ricciardo,aricciardoou@stumbleupon.com,Male,227.166.168.111,4/29/2023
896,Bibbye,Martinson,bmartinsonov@biglobe.ne.jp,Female,143.7.161.197,2/28/2023
897,Farr,Pelerin,fpelerinow@eepurl.com,Male,118.186.28.235,10/18/2022
898,Rubie,Polak,rpolakox@i2i.jp,Female,49.117.129.245,10/7/2022
899,Cass,Greenmon,cgreenmonoy@prweb.com,Male,215.19.62.91,3/21/2023
900,Avictor,Silversmidt,asilversmidtoz@tuttocitta.it,Genderqueer,61.195.198.57,6/16/2023
901,Alberto,Lowings,alowingsp0@cocolog-nifty.com,Male,208.172.7.116,11/25/2022
902,Aurelia,Peebles,apeeblesp1@wix.com,Female,88.146.77.102,5/25/2023
903,Erasmus,Milley,emilleyp2@seesaa.net,Male,12.165.107.220,6/26/2023
904,Nesta,Karpenya,nkarpenyap3@blogger.com,Female,219.15.154.122,9/17/2022
905,Kristyn,Spurnier,kspurnierp4@is.gd,Female,62.15.230.223,10/3/2022
906,Herold,Durand,hdurandp5@sohu.com,Male,62.45.198.228,10/6/2022
907,Lindon,Ruse,lrusep6@dropbox.com,Male,4.44.52.188,3/5/2023
908,Adria,Scourfield,ascourfieldp7@facebook.com,Genderfluid,70.120.173.30,4/11/2023
909,Ketti,Fowley,kfowleyp8@kickstarter.com,Bigender,178.146.39.83,9/23/2022
910,Carole,Blenkhorn,cblenkhornp9@latimes.com,Female,143.213.31.194,1/13/2023
911,Jannel,Dunderdale,jdunderdalepa@mozilla.com,Female,163.108.116.42,9/30/2022
912,Carroll,Cluderay,ccluderaypb@nasa.gov,Female,70.198.136.119,3/7/2023
913,Staford,Cavolini,scavolinipc@youku.com,Male,5.30.68.98,9/29/2022
914,Lutero,Crix,lcrixpd@tuttocitta.it,Male,74.139.196.18,12/2/2022
915,Averil,Legonidec,alegonidecpe@xing.com,Male,33.244.105.181,5/18/2023
916,Darya,Boggon,dboggonpf@github.io,Female,23.117.39.184,5/7/2023
917,Gustie,Mebius,gmebiuspg@dropbox.com,Female,231.178.187.9,3/8/2023
918,Mureil,Botterman,mbottermanph@nature.com,Female,96.129.121.69,5/26/2023
919,Corbett,Juschka,cjuschkapi@sogou.com,Bigender,38.103.151.207,6/6/2023
920,Maggy,Gowanlock,mgowanlockpj@miibeian.gov.cn,Female,219.208.17.134,6/30/2023
921,Darius,Stovin,dstovinpk@bloglines.com,Male,183.42.71.192,4/24/2023
922,Petronia,Pray,ppraypl@unblog.fr,Female,141.17.34.74,9/23/2022
923,Julita,Benoit,jbenoitpm@bbb.org,Female,61.72.202.31,5/24/2023
924,Giordano,Linnard,glinnardpn@nytimes.com,Male,84.251.12.231,4/4/2023
925,Norbie,Dimont,ndimontpo@godaddy.com,Male,215.113.154.20,2/18/2023
926,Langsdon,Kinghorn,lkinghornpp@xinhuanet.com,Male,68.239.93.121,8/20/2023
927,Tamas,Kendrick,tkendrickpq@google.nl,Male,156.69.35.170,12/18/2022
928,Amie,Jahner,ajahnerpr@dyndns.org,Female,218.91.242.50,2/15/2023
929,Minda,Wenman,mwenmanps@amazon.co.jp,Female,24.154.80.93,7/15/2023
930,Trueman,Yarrall,tyarrallpt@lulu.com,Male,212.115.240.53,3/3/2023
931,Randie,Wickett,rwickettpu@dmoz.org,Agender,229.238.129.85,10/26/2022
932,Josephina,Simoneschi,jsimoneschipv@exblog.jp,Female,156.238.155.3,2/18/2023
933,Jorry,Knath,jknathpw@google.com.hk,Female,101.249.52.167,7/12/2023
934,Konrad,Scarffe,kscarffepx@mapquest.com,Male,4.160.189.123,8/9/2023
935,Esme,Norkett,enorkettpy@free.fr,Female,197.85.162.169,12/22/2022
936,Celinda,Zorzin,czorzinpz@sbwire.com,Female,224.149.146.114,7/23/2023
937,Myron,Ovitts,movittsq0@technorati.com,Male,59.89.164.48,11/26/2022
938,Otho,Wickie,owickieq1@reverbnation.com,Male,123.238.37.135,7/25/2023
939,Corbin,Webland,cweblandq2@scientificamerican.com,Male,69.255.168.18,8/22/2023
940,Latashia,Piggrem,lpiggremq3@naver.com,Female,128.239.123.55,3/16/2023
941,Arte,Buttwell,abuttwellq4@godaddy.com,Male,216.224.46.191,6/29/2023
942,Shelia,Sayre,ssayreq5@state.gov,Female,34.110.191.43,3/2/2023
943,Adele,Withrington,awithringtonq6@chron.com,Female,226.236.119.246,11/14/2022
944,Jemmy,McDoual,jmcdoualq7@ihg.com,Female,69.10.101.154,4/12/2023
945,Christophorus,O'Lunney,colunneyq8@csmonitor.com,Male,236.59.188.84,4/15/2023
946,Allistir,Iacobetto,aiacobettoq9@bigcartel.com,Male,193.109.178.198,2/1/2023
947,Freida,Gilfoy,fgilfoyqa@acquirethisname.com,Female,250.229.65.175,5/15/2023
948,Cristi,Whorall,cwhorallqb@mediafire.com,Female,166.119.3.239,11/16/2022
949,Berne,Woolfoot,bwoolfootqc@hp.com,Agender,206.253.159.138,9/12/2022
950,Maire,Thacke,mthackeqd@boston.com,Female,82.209.98.79,11/17/2022
951,Bili,Everal,beveralqe@histats.com,Female,249.140.100.67,9/20/2022
952,Charlotte,Olliff,colliffqf@vimeo.com,Female,201.21.207.137,3/5/2023
953,Jakob,Millery,jmilleryqg@apache.org,Male,5.252.103.111,11/18/2022
954,Janet,Gaisford,jgaisfordqh@cbc.ca,Female,1.103.236.38,6/16/2023
955,Walther,Buckler,wbucklerqi@columbia.edu,Male,184.243.2.104,4/29/2023
956,Blondie,Boog,bboogqj@symantec.com,Female,186.249.52.18,12/28/2022
957,Jenica,Van der Velden,jvanderveldenqk@theguardian.com,Female,251.45.10.9,6/10/2023
958,Mayer,Sprigings,msprigingsql@omniture.com,Male,155.154.16.204,3/27/2023
959,Biddy,Whitlow,bwhitlowqm@gravatar.com,Female,252.168.142.24,9/12/2022
960,Sallyanne,Leadston,sleadstonqn@github.io,Female,43.105.105.93,5/17/2023
961,Sascha,Goodyer,sgoodyerqo@weibo.com,Male,8.131.180.18,9/26/2022
962,Fabio,Bettison,fbettisonqp@youtu.be,Male,5.146.18.125,7/19/2023
963,Cullie,Thomasen,cthomasenqq@phpbb.com,Male,245.181.156.99,6/11/2023
964,Walton,Hritzko,whritzkoqr@vistaprint.com,Male,62.221.198.170,11/15/2022
965,Dodie,Penn,dpennqs@discuz.net,Female,39.167.46.214,2/7/2023
966,Sergio,Yuranovev,syuranovevqt@artisteer.com,Male,164.10.90.75,12/27/2022
967,Halsey,Juniper,hjuniperqu@e-recht24.de,Male,218.116.218.93,12/8/2022
968,Ambros,Detheridge,adetheridgeqv@unicef.org,Male,128.91.222.228,12/21/2022
969,Beau,Havesides,bhavesidesqw@ocn.ne.jp,Male,27.163.38.254,5/12/2023
970,Elihu,Swire,eswireqx@amazon.co.uk,Male,166.120.120.242,8/10/2023
971,Gustavus,Booij,gbooijqy@google.com.hk,Male,183.32.4.161,11/27/2022
972,Amalie,Richfield,arichfieldqz@deviantart.com,Genderfluid,129.85.226.230,8/2/2023
973,Anni,Kabsch,akabschr0@feedburner.com,Female,45.169.147.30,12/22/2022
974,Hussein,Fairfoot,hfairfootr1@homestead.com,Genderfluid,25.28.101.215,1/31/2023
975,Lauri,Bannon,lbannonr2@facebook.com,Female,201.9.126.86,8/20/2023
976,Laney,Mengo,lmengor3@mapquest.com,Male,208.154.239.238,8/25/2023
977,Evvy,Sybe,esyber4@wikimedia.org,Female,56.222.3.242,4/7/2023
978,Ancell,Anlay,aanlayr5@zdnet.com,Male,77.82.86.213,12/18/2022
979,Iseabal,Scothern,iscothernr6@woothemes.com,Female,222.192.187.93,8/13/2023
980,Hallsy,Jeannaud,hjeannaudr7@squarespace.com,Genderqueer,134.37.34.191,1/23/2023
981,Franz,Bodell,fbodellr8@eventbrite.com,Male,164.94.205.136,5/19/2023
982,Feodor,Blackaller,fblackallerr9@house.gov,Male,242.61.10.46,2/15/2023
983,Alexio,Bodman,abodmanra@pen.io,Male,73.150.53.69,12/3/2022
984,Adriane,Laverty,alavertyrb@de.vu,Female,45.139.152.225,11/26/2022
985,Elvira,Izhaky,eizhakyrc@stumbleupon.com,Genderfluid,216.42.115.218,10/4/2022
986,Farrel,Cuttell,fcuttellrd@github.com,Male,142.195.157.53,3/19/2023
987,Charleen,Maidment,cmaidmentre@example.com,Female,198.210.210.71,10/17/2022
988,Wilt,Bathoe,wbathoerf@qq.com,Male,205.214.149.52,5/1/2023
989,Amata,Iddon,aiddonrg@mapquest.com,Female,157.162.32.109,4/3/2023
990,Heida,Defew,hdefewrh@geocities.jp,Female,253.241.143.161,3/10/2023
991,Athene,Greim,agreimri@columbia.edu,Female,245.98.180.198,5/12/2023
992,Druci,Dymond,ddymondrj@upenn.edu,Female,5.106.240.190,4/22/2023
993,Renaldo,Daldan,rdaldanrk@tinypic.com,Male,12.61.156.161,4/30/2023
994,Lu,Laidlow,llaidlowrl@uiuc.edu,Female,1.82.160.38,2/28/2023
995,Rowen,Parley,rparleyrm@themeforest.net,Male,141.211.221.113,8/14/2023
996,Samuele,Whitelock,swhitelockrn@fc2.com,Male,232.242.77.187,12/11/2022
997,Garrett,Dightham,gdighthamro@google.nl,Male,95.193.234.1,9/18/2022
998,Mala,Salliere,msalliererp@linkedin.com,Female,105.219.165.131,10/11/2022
999,Teresita,Belliveau,tbelliveaurq@wsj.com,Female,239.6.167.113,7/21/2023
1000,Waylon,Kezar,wkezarrr@omniture.com,Male,57.152.39.214,5/6/2023
